id,label,sentence,label_des,true_label,pred_label,true_label_des,pred_label_des,true_prob,pred_prob,prob_gap,is_correct
10000,103,就一个吸汗带很便宜的呀,买家咨询退换货地址,103,60,买家咨询退换货地址,买家咨询活动规则,0.006296737119555473,0.10316196829080582,0.09686523117125034,False
10001,38,需要也不在你家买了，老顾客都不优惠,买家讨价还价,38,15,买家讨价还价,买家表示是老顾客,0.056357771158218384,0.24373358488082886,0.18737581372261047,False
10003,29,到了2天了不送,买家催促发货,29,110,买家催促发货,买家咨询退款时间,0.026574907824397087,0.09282093495130539,0.0662460271269083,False
10012,50,现在还有别的活动吗,买家要求延迟发货,50,99,买家要求延迟发货,买家咨询是否有活动,0.0025455497670918703,0.33456140756607056,0.3320158577989787,False
10015,86,昨天快递没有发出去吗,买家咨询商品是否有赠品,86,29,买家咨询商品是否有赠品,买家催促发货,0.0026170893106609583,0.12475413829088211,0.12213704898022115,False
10018,71,我退货没有吊牌可以吗,买家咨询如何领取优惠券,71,104,买家咨询如何领取优惠券,买家咨询退换货规则,0.006217468064278364,0.3054770529270172,0.29925958486273885,False
10019,31,我退了吧  有点不需要了,买家打招呼,31,3,买家打招呼,买家表示不想要了,0.003632939187809825,0.48471400141716003,0.4810810622293502,False
10020,22,最大才两个加  小了能退吗,买家表示需要退货退款,22,108,买家表示需要退货退款,买家咨询退款金额,0.03774581849575043,0.1424485594034195,0.10470274090766907,False
10023,97,那这个运费要怎么退我？,买家咨询是否可以指定快递,97,48,买家咨询是否可以指定快递,买家要求退运费,0.0015351647743955255,0.3325228691101074,0.3309877043357119,False
10024,69,我把牛仔裤码数拍错了,买家咨询偏远地区是否发货,69,9,买家咨询偏远地区是否发货,买家表示拍错了,0.0028420884627848864,0.6819169521331787,0.6790748636703938,False
10025,7,我先买两盒尝尝味道,买家表示麻烦卖家，表达感谢,7,21,买家表示麻烦卖家，表达感谢,买家表示先买来试试,0.0023416848853230476,0.5143349170684814,0.5119932321831584,False
10028,62,拍这两件最低什么价格,买家咨询买多件能否优惠,62,38,买家咨询买多件能否优惠,买家讨价还价,0.22071819007396698,0.36622515320777893,0.14550696313381195,False
10032,6,可以叠加吧,买家表示具体时间寄回去,6,112,买家表示具体时间寄回去,买家咨询优惠券使用规则,0.0027973067481070757,0.11221994459629059,0.10942263784818351,False
10035,13,这条给你寄过去嘛,买家表示商品已经寄回去了,13,6,买家表示商品已经寄回去了,买家表示具体时间寄回去,0.1415075659751892,0.26330065727233887,0.12179309129714966,False
10041,1,你们发错了搞得很麻烦,买家表达不满/生气,1,12,买家表达不满/生气,买家表示商家发错货了,0.03768902271986008,0.09510360658168793,0.05741458386182785,False
10042,51,麻烦给我两个快递一起发,买家要求延长收货时间,51,66,买家要求延长收货时间,买家咨询能否分开/一起发货,0.0028744803275913,0.472135066986084,0.4692605866584927,False
10044,49,帮我改下电话号码19957703173,买家要求修改收件信息,49,37,买家要求修改收件信息,买家确认地址是否修改成功,0.15886591374874115,0.1780678778886795,0.019201964139938354,False
10046,115,就是这样子的,买家咨询赠品何时发货,115,5,买家咨询赠品何时发货,买家表示好的,0.012386788614094257,0.25121009349823,0.23882330488413572,False
10048,79,亲，这个五斤有多少袋,买家咨询商品规格数量,79,90,买家咨询商品规格数量,买家咨询商品重量,0.14831963181495667,0.1710423082113266,0.022722676396369934,False
10052,43,亲受累给我改下码,买家要求改商品信息,43,94,买家要求改商品信息,买家咨询是否可以改价,0.16729934513568878,0.2334481179714203,0.0661487728357315,False
10053,78,米白色有色差没,买家咨询商品的色差问题,78,88,买家咨询商品的色差问题,买家咨询商品是什么颜色,0.20170331001281738,0.32869917154312134,0.12699586153030396,False
10055,62,亲，以前买的发票帮忙开了好哇,买家咨询买多件能否优惠,62,67,买家咨询买多件能否优惠,买家咨询能否开发票及发票类型和寄送时间,0.0032487825956195593,0.44780150055885315,0.4445527179632336,False
10056,73,那邮费是不是我自己出,买家咨询商家发货地,73,105,买家咨询商家发货地,买家咨询退换货运费由谁承担,0.008259297348558903,0.35503771901130676,0.34677842166274786,False
10058,31,能发邮政快递吗,买家打招呼,31,97,买家打招呼,买家咨询是否可以指定快递,0.0008551039500162005,0.347504198551178,0.3466490946011618,False
10068,79,99元多少片啊,买家咨询商品规格数量,79,80,买家咨询商品规格数量,买家咨询商品价格,0.0300466138869524,0.4075770378112793,0.3775304239243269,False
10070,33,我都要睡觉了 /:065,买家发送结束语,33,25,买家发送结束语,买家表示已下单付款,0.01960749737918377,0.1288899928331375,0.10928249545395374,False
10071,1,问题是要不就卡不进去，要不就拖出来，我也是醉了,买家表达不满/生气,1,36,买家表达不满/生气,买家反馈收到的商品有问题,0.09416110813617706,0.12189594656229019,0.02773483842611313,False
10075,6,78的啥材质的,买家表示具体时间寄回去,6,77,买家表示具体时间寄回去,买家咨询商品的材质/面料,0.0045331488363444805,0.21891286969184875,0.21437972085550427,False
10076,84,我这个寄回去要我自己出邮费吗,买家咨询商品是不是预售款,84,105,买家咨询商品是不是预售款,买家咨询退换货运费由谁承担,0.004165476653724909,0.41199520230293274,0.40782972564920783,False
10077,80,我怕买回来不好看，想换又要出运费？,买家咨询商品价格,80,105,买家咨询商品价格,买家咨询退换货运费由谁承担,0.01095764059573412,0.2095080018043518,0.1985503612086177,False
10079,103,哦，有质量保证了啊,买家咨询退换货地址,103,89,买家咨询退换货地址,买家咨询商品质量是否有保障,0.0006388642359524965,0.7205042243003845,0.719865360064432,False
10080,97,麻烦发韵达  谢谢,买家咨询是否可以指定快递,97,106,买家咨询是否可以指定快递,买家咨询退换货支持快递,0.09059766680002213,0.09860097616910934,0.00800330936908722,False
10082,90,36.6元有多少斤,买家咨询商品重量,90,81,买家咨询商品重量,买家咨询商品具体尺码尺寸,0.13674744963645935,0.15790794789791107,0.02116049826145172,False
10084,90,您好，请发中通快递,买家咨询商品重量,90,106,买家咨询商品重量,买家咨询退换货支持快递,0.0016916391905397177,0.3287142217159271,0.3270225825253874,False
10086,60,优惠3块怎么优惠,买家咨询活动规则,60,62,买家咨询活动规则,买家咨询买多件能否优惠,0.01813584193587303,0.39016279578208923,0.3720269538462162,False
10088,5,两件是5折吗,买家表示好的,5,92,买家表示好的,买家咨询是否可以打折,0.0010520558571442962,0.6480820775032043,0.64703002164606,False
10092,52,现在买还有双十一的优惠么,买家咨询补货/上货时间,52,99,买家咨询补货/上货时间,买家咨询是否有活动,0.002651133807376027,0.2988540828227997,0.29620294901542366,False
10094,26,我申请退款了 你们看一下,买家表示优惠券无法使用,26,22,买家表示优惠券无法使用,买家表示需要退货退款,0.0011454618070274591,0.44655641913414,0.44541095732711256,False
10095,22,买的衣服大了  想把这个退掉,买家表示需要退货退款,22,46,买家表示需要退货退款,买家要求取消退换货退款,0.10510337352752686,0.3058813810348511,0.20077800750732422,False
10096,60,这个福袋啥时候活动结束？,买家咨询活动规则,60,99,买家咨询活动规则,买家咨询是否有活动,0.018423056229948997,0.23551121354103088,0.2170881573110819,False
10107,15,这款在双十二有活动吗,买家表示是老顾客,15,99,买家表示是老顾客,买家咨询是否有活动,0.002222497249022126,0.49075761437416077,0.48853511712513864,False
10115,64,1Kg是多少个,买家咨询能否到付,64,79,买家咨询能否到付,买家咨询商品规格数量,0.0032566057052463293,0.4329153597354889,0.42965875403024256,False
10116,43,这是不是第二份半价了,买家要求改商品信息,43,60,买家要求改商品信息,买家咨询活动规则,0.0020967498421669006,0.25282469391822815,0.25072794407606125,False
10119,34,那哦哦，谢谢了,买家发送开票信息,34,7,买家发送开票信息,买家表示麻烦卖家，表达感谢,0.0024119967129081488,0.5371084213256836,0.5346964246127754,False
10121,82,为什么这件衣服色差怎么大,买家咨询商品区别,82,78,买家咨询商品区别,买家咨询商品的色差问题,0.007440815679728985,0.3384706974029541,0.3310298817232251,False
10124,50,裤子号码选错了,买家要求延迟发货,50,9,买家要求延迟发货,买家表示拍错了,0.001550698303617537,0.6092664003372192,0.6077157020336017,False
10125,28,之前买的很硬,买家表示再看看,28,36,买家表示再看看,买家反馈收到的商品有问题,0.0051306309178471565,0.1796969771385193,0.17456634622067213,False
10126,6,人呢，出来说话啊,买家表示具体时间寄回去,6,5,买家表示具体时间寄回去,买家表示好的,0.004012273158878088,0.14970847964286804,0.14569620648398995,False
10127,55,你们店也太搞笑了吧,买家咨询发什么快递,55,1,买家咨询发什么快递,买家表达不满/生气,0.0037153707817196846,0.63335782289505,0.6296424521133304,False
10129,31,沒人理,买家打招呼,31,30,买家打招呼,买家催促回复,0.01981581188738346,0.25141388177871704,0.23159806989133358,False
10131,49,你好:改下地址,买家要求修改收件信息,49,16,买家要求修改收件信息,买家表示收件信息不需要修改了,0.21678298711776733,0.21720629930496216,0.0004233121871948242,False
10135,88,那是不能买哦,买家咨询商品是什么颜色,88,19,买家咨询商品是什么颜色,买家表示无法下单,0.002541884081438184,0.43512171506881714,0.43257983098737895,False
10145,14,是需要定制的吗,买家表示稍等,14,65,买家表示稍等,买家咨询能否定制,0.006139869801700115,0.40585991740226746,0.39972004760056734,False
10150,23,亲我想退货重新下单,买家表示要重拍,23,22,买家表示要重拍,买家表示需要退货退款,0.12733668088912964,0.27488622069358826,0.14754953980445862,False
10151,105,退换我得多少运费,买家咨询退换货运费由谁承担,105,113,买家咨询退换货运费由谁承担,买家咨询运费金额,0.17071697115898132,0.3344363868236542,0.16371941566467285,False
10154,60,是不是双11直接可以用津贴,买家咨询活动规则,60,41,买家咨询活动规则,买家要求补偿,0.07234000414609909,0.11638770997524261,0.044047705829143524,False
10156,49,亲，这款地址错了,买家要求修改收件信息,49,4,买家要求修改收件信息,买家表示地址正确,0.04318641126155853,0.17263469099998474,0.1294482797384262,False
10157,48,亲 订单有运费的是收到货返吗？,买家要求退运费,48,57,买家要求退运费,买家咨询返现金额,0.0513819195330143,0.23847125470638275,0.18708933517336845,False
10158,3,第二件半价有没有,买家表示不想要了,3,62,买家表示不想要了,买家咨询买多件能否优惠,0.002109380206093192,0.13304685056209564,0.13093747035600245,False
10159,97,亲亲帮我发申通快递哈,买家咨询是否可以指定快递,97,106,买家咨询是否可以指定快递,买家咨询退换货支持快递,0.19049721956253052,0.3424535095691681,0.15195629000663757,False
10160,22,请拒绝我的退款申请！,买家表示需要退货退款,22,46,买家表示需要退货退款,买家要求取消退换货退款,0.1257123500108719,0.2282368689775467,0.1025245189666748,False
10162,72,多谢你了！！！,买家咨询如何下单,72,7,买家咨询如何下单,买家表示麻烦卖家，表达感谢,0.0009547072113491595,0.5647040009498596,0.5637492937385105,False
10163,49,地址错了可以改下吗？,买家要求修改收件信息,49,37,买家要求修改收件信息,买家确认地址是否修改成功,0.11515185981988907,0.18401017785072327,0.0688583180308342,False
10164,50,这件要延迟发货是吗,买家要求延迟发货,50,51,买家要求延迟发货,买家要求延长收货时间,0.07243543118238449,0.582969069480896,0.5105336382985115,False
10167,29,再不发要退货了哦,买家催促发货,29,46,买家催促发货,买家要求取消退换货退款,0.0774373859167099,0.22436490654945374,0.14692752063274384,False
10168,95,座椅是什么材质,买家咨询是否可以拒收,95,77,买家咨询是否可以拒收,买家咨询商品的材质/面料,0.0015256718033924699,0.39620572328567505,0.3946800514822826,False
10172,33,早点睡奥，晚安,买家发送结束语,33,28,买家发送结束语,买家表示再看看,0.050674114376306534,0.09741843491792679,0.046744320541620255,False
10173,49,我可不可以改下手机号,买家要求修改收件信息,49,43,买家要求修改收件信息,买家要求改商品信息,0.1600145697593689,0.19310912489891052,0.033094555139541626,False
10175,105,这个会之后返还运费是吗,买家咨询退换货运费由谁承担,105,48,买家咨询退换货运费由谁承担,买家要求退运费,0.09015508741140366,0.21776887774467468,0.12761379033327103,False
10177,86,我是湖北的，可以指定快递吗？,买家咨询商品是否有赠品,86,97,买家咨询商品是否有赠品,买家咨询是否可以指定快递,0.004142425488680601,0.4046819806098938,0.4005395551212132,False
10179,47,1斤多少钱,买家要求添加商家微信,47,113,买家要求添加商家微信,买家咨询运费金额,0.0023565248120576143,0.3463568389415741,0.3440003141295165,False
10183,38,你先别发货呢,买家讨价还价,38,50,买家讨价还价,买家要求延迟发货,0.0022873044945299625,0.37580540776252747,0.3735181032679975,False
10185,79,怎么领券,买家咨询商品规格数量,79,71,买家咨询商品规格数量,买家咨询如何领取优惠券,0.0010547932470217347,0.5653590559959412,0.5643042627489194,False
10187,78,是买一套送一套,买家咨询商品的色差问题,78,60,买家咨询商品的色差问题,买家咨询活动规则,0.001959483604878187,0.1788996309041977,0.1769401472993195,False
10189,13,老板 这俩有什么区别呀,买家表示商品已经寄回去了,13,82,买家表示商品已经寄回去了,买家咨询商品区别,0.011069964617490768,0.2955755889415741,0.28450562432408333,False
10191,33,你好，有开专票吗？,买家发送结束语,33,67,买家发送结束语,买家咨询能否开发票及发票类型和寄送时间,0.00472033629193902,0.36714017391204834,0.3624198376201093,False
10192,86,……上次买普通快递好慢,买家咨询商品是否有赠品,86,20,买家咨询商品是否有赠品,买家表示物流太慢了,0.007453219965100288,0.3805602490901947,0.3731070291250944,False
10194,60,这件双十一最低多少,买家咨询活动规则,60,38,买家咨询活动规则,买家讨价还价,0.035282570868730545,0.3402164876461029,0.30493391677737236,False
10198,70,快递可以寄中通吗,买家咨询如何加入会员,70,106,买家咨询如何加入会员,买家咨询退换货支持快递,0.0010326395276933908,0.4481782615184784,0.447145621990785,False
10199,39,非常抱歉你们的衣服很好,买家向商家表达不好意思,39,2,买家向商家表达不好意思,买家表达赞美/满意,0.13147087395191193,0.18257200717926025,0.05110113322734833,False
10200,99,老顾客了哦  有优惠吗,买家咨询是否有活动,99,62,买家咨询是否有活动,买家咨询买多件能否优惠,0.15069226920604706,0.17378343641757965,0.023091167211532593,False
10203,108,175拍不了是灰色,买家咨询退款金额,108,19,买家咨询退款金额,买家表示无法下单,0.001934556756168604,0.47476518154144287,0.47283062478527427,False
10205,48,现在能买到双十二价格吗,买家要求退运费,48,80,买家要求退运费,买家咨询商品价格,0.0036440540570765734,0.19665266573429108,0.1930086116772145,False
10208,76,发货是哪啊,买家咨询商品产地,76,73,买家咨询商品产地,买家咨询商家发货地,0.0048057688400149345,0.27895182371139526,0.27414605487138033,False
10213,91,希望尽早发货,买家咨询什么颜色好看,91,29,买家咨询什么颜色好看,买家催促发货,0.007660099770873785,0.37509581446647644,0.36743571469560266,False
10214,25,拍1送3送什么,买家表示已下单付款,25,86,买家表示已下单付款,买家咨询商品是否有赠品,0.002412044210359454,0.28379103541374207,0.2813789912033826,False
10215,4,怎还不发货滴,买家表示地址正确,4,29,买家表示地址正确,买家催促发货,0.0031008797232061625,0.40217307209968567,0.3990721923764795,False
10220,60,你们没有参加双十二的跨店满减？,买家咨询活动规则,60,99,买家咨询活动规则,买家咨询是否有活动,0.10676036775112152,0.21005889773368835,0.10329852998256683,False
10223,63,还没查到,买家咨询哪款更好,63,111,买家咨询哪款更好,买家咨询物流信息,0.0038398182950913906,0.3865128755569458,0.3826730572618544,False
10232,1,嗯，我介意,买家表达不满/生气,1,28,买家表达不满/生气,买家表示再看看,0.09771709144115448,0.11482328176498413,0.01710619032382965,False
10235,27,拖着是什么意思,买家表示有疑问/不理解,27,58,买家表示有疑问/不理解,买家咨询返现时间,0.0021388086024671793,0.05364175885915756,0.05150295025669038,False
10236,69,那毛衣我申请退款重拍吧,买家咨询偏远地区是否发货,69,22,买家咨询偏远地区是否发货,买家表示需要退货退款,0.0010118706850335002,0.3084426522254944,0.3074307815404609,False
10238,27,你好，快递已经给你寄过去了。注意查收。,买家表示有疑问/不理解,27,13,买家表示有疑问/不理解,买家表示商品已经寄回去了,0.0011295357253402472,0.4820111095905304,0.48088157386519015,False
10242,16,请问一下可以给我发邮政吗,买家表示收件信息不需要修改了,16,97,买家表示收件信息不需要修改了,买家咨询是否可以指定快递,0.0038140069227665663,0.3137262761592865,0.30991226923651993,False
10245,2,运费什么时候退回来？,买家表达赞美/满意,2,48,买家表达赞美/满意,买家要求退运费,0.001128885429352522,0.3927580416202545,0.391629156190902,False
10247,49,还能更改地址吗？,买家要求修改收件信息,49,16,买家要求修改收件信息,买家表示收件信息不需要修改了,0.1971673220396042,0.22500385344028473,0.027836531400680542,False
10253,0,发票什么时候可以开出来呢,买家抱怨商品涨价了,0,67,买家抱怨商品涨价了,买家咨询能否开发票及发票类型和寄送时间,0.0022699646651744843,0.3801492154598236,0.3778792507946491,False
10256,86,亲，质保多少时间,买家咨询商品是否有赠品,86,87,买家咨询商品是否有赠品,买家咨询商品是否有质保，质保多久,0.0008943885331973433,0.6633417010307312,0.6624473124975339,False
10257,15,不好意思，我又来了,买家表示是老顾客,15,39,买家表示是老顾客,买家向商家表达不好意思,0.003544987877830863,0.5523480176925659,0.548803029814735,False
10258,107,买两袋送杯子跟勺子对吧,买家咨询退货退款原因选什么,107,86,买家咨询退货退款原因选什么,买家咨询商品是否有赠品,0.010158611461520195,0.4808196723461151,0.4706610608845949,False
10259,44,我说了呀，这衣服还不错，可以,买家要求改运费,44,2,买家要求改运费,买家表达赞美/满意,0.004593024030327797,0.43456795811653137,0.4299749340862036,False
10264,115,多会发货,买家咨询赠品何时发货,115,54,买家咨询赠品何时发货,买家咨询发货时间,0.0025498801842331886,0.3093518316745758,0.3068019514903426,False
10265,44,我今天买顺丰27号能到吗,买家要求改运费,44,53,买家要求改运费,买家咨询到货时间,0.0018638885812833905,0.7524491548538208,0.7505852662725374,False
10269,30,亲，这个味道大么,买家催促回复,30,102,买家催促回复,买家咨询是否有味道,0.005578272044658661,0.6031469702720642,0.5975686982274055,False
10273,43,1250克的多少个,买家要求改商品信息,43,79,买家要求改商品信息,买家咨询商品规格数量,0.002528709825128317,0.4470137059688568,0.4444849961437285,False
10274,1,真服了你们了，这售后,买家表达不满/生气,1,2,买家表达不满/生气,买家表达赞美/满意,0.09850877523422241,0.12502481043338776,0.026516035199165344,False
10277,29,但已经穿了一天了,买家催促发货,29,15,买家催促发货,买家表示是老顾客,0.06343154609203339,0.07510988414287567,0.011678338050842285,False
10279,41,我想在买一箱，这个发河南的货能不能给我发邮政快递,买家要求补偿,41,97,买家要求补偿,买家咨询是否可以指定快递,0.0016906962264329195,0.31687456369400024,0.3151838674675673,False
10280,60,还有七七节跨店满300减30的活动,买家咨询活动规则,60,99,买家咨询活动规则,买家咨询是否有活动,0.16113264858722687,0.2359102964401245,0.07477764785289764,False
10283,25,我已下单了，请一定保证质量问题。,买家表示已下单付款,25,89,买家表示已下单付款,买家咨询商品质量是否有保障,0.0003292304463684559,0.7693048119544983,0.7689755815081298,False
10290,14,亲，再麻烦你一下,买家表示稍等,14,7,买家表示稍等,买家表示麻烦卖家，表达感谢,0.005183422937989235,0.520773708820343,0.5155902858823538,False
10305,117,亲  净重是带冰吗,买家咨询自己的旺旺昵称,117,77,买家咨询自己的旺旺昵称,买家咨询商品的材质/面料,0.0032970935571938753,0.28610631823539734,0.28280922467820346,False
10307,26,哪个时候发货？,买家表示优惠券无法使用,26,54,买家表示优惠券无法使用,买家咨询发货时间,0.0013195076026022434,0.4993689954280853,0.4980494878254831,False
10309,99,我拍下，能不能改下？,买家咨询是否有活动,99,94,买家咨询是否有活动,买家咨询是否可以改价,0.003043592907488346,0.3128243684768677,0.30978077556937933,False
10310,82,可三个不同色的大号吗？,买家咨询商品区别,82,91,买家咨询商品区别,买家咨询什么颜色好看,0.009393992833793163,0.0855071023106575,0.07611310947686434,False
10311,79,亲，这个15.9是多少,买家咨询商品规格数量,79,80,买家咨询商品规格数量,买家咨询商品价格,0.09084707498550415,0.2453373521566391,0.15449027717113495,False
10312,85,你看我的书到哪里了,买家咨询商品是否可以单买/单卖,85,111,买家咨询商品是否可以单买/单卖,买家咨询物流信息,0.001082305214367807,0.42486655712127686,0.42378425190690905,False
10313,7,我这边一直没有收到发票,买家表示麻烦卖家，表达感谢,7,67,买家表示麻烦卖家，表达感谢,买家咨询能否开发票及发票类型和寄送时间,0.016843218356370926,0.19833314418792725,0.18148992583155632,False
10314,60,买200克送200克是吗,买家咨询活动规则,60,80,买家咨询活动规则,买家咨询商品价格,0.14507564902305603,0.1836034506559372,0.038527801632881165,False
10322,3,双十一再说，我现在不买,买家表示不想要了,3,8,买家表示不想要了,买家表示马上下单付款,0.029866736382246017,0.1360938400030136,0.1062271036207676,False
10323,52,哎呀好烦啊,买家咨询补货/上货时间,52,1,买家咨询补货/上货时间,买家表达不满/生气,0.0027269567362964153,0.18576332926750183,0.18303637253120542,False
10324,66,拍两箱可以发两个地址吗,买家咨询能否分开/一起发货,66,103,买家咨询能否分开/一起发货,买家咨询退换货地址,0.13070373237133026,0.18596765398979187,0.05526392161846161,False
10326,31,钢制脚和尼龙脚有什么区别,买家打招呼,31,82,买家打招呼,买家咨询商品区别,0.00846325047314167,0.3248678147792816,0.31640456430613995,False
10328,57,能印字是么？,买家咨询返现金额,57,65,买家咨询返现金额,买家咨询能否定制,0.007589884102344513,0.5306532382965088,0.5230633541941643,False
10331,49,我前天查看到这个地址，今天看也是到这里,买家要求修改收件信息,49,4,买家要求修改收件信息,买家表示地址正确,0.027953218668699265,0.24103064835071564,0.21307742968201637,False
10333,60,这条裤子现在拍可以给双十一价格吗,买家咨询活动规则,60,80,买家咨询活动规则,买家咨询商品价格,0.05632565915584564,0.24053408205509186,0.18420842289924622,False
10335,10,你好，这款和152那款有什么区别呢,买家表示伤心难过,10,82,买家表示伤心难过,买家咨询商品区别,0.005570637993514538,0.35133594274520874,0.3457653047516942,False
10338,15,到哪了 /:^_^ /:^_^,买家表示是老顾客,15,111,买家表示是老顾客,买家咨询物流信息,0.007088905666023493,0.3201753497123718,0.31308644404634833,False
10342,21,看错了，和欧式的价格不一样,买家表示先买来试试,21,82,买家表示先买来试试,买家咨询商品区别,0.001104610739275813,0.25871819257736206,0.25761358183808625,False
10344,3,我这边寄过去，你收到后再给我寄回来是吗,买家表示不想要了,3,6,买家表示不想要了,买家表示具体时间寄回去,0.0019132851157337427,0.18064144253730774,0.178728157421574,False
10352,1,不满意你解决啊倒是,买家表达不满/生气,1,98,买家表达不满/生气,买家咨询是否有好评返现,0.07210327684879303,0.08041616529226303,0.008312888443470001,False
10355,88,我现在申请退款重新拍下吧,买家咨询商品是什么颜色,88,22,买家咨询商品是什么颜色,买家表示需要退货退款,0.0040140459313988686,0.48311489820480347,0.4791008522734046,False
10357,110,那要等到什么时候了,买家咨询退款时间,110,53,买家咨询退款时间,买家咨询到货时间,0.11566987633705139,0.13775086402893066,0.022080987691879272,False
10358,46,不换了，款式爸不喜欢,买家要求取消退换货退款,46,3,买家要求取消退换货退款,买家表示不想要了,0.048551060259342194,0.48153460025787354,0.43298353999853134,False
10360,12,请问你们那七xl是给谁穿的,买家表示商家发错货了,12,77,买家表示商家发错货了,买家咨询商品的材质/面料,0.003280060365796089,0.1290232241153717,0.12574316374957561,False
10362,49,改一下手机号。13042569963,买家要求修改收件信息,49,37,买家要求修改收件信息,买家确认地址是否修改成功,0.13164418935775757,0.15178605914115906,0.02014186978340149,False
10367,114,有现货吗 能发货吗,买家咨询运费险赔付规则,114,54,买家咨询运费险赔付规则,买家咨询发货时间,0.003792045870795846,0.22893905639648438,0.22514701052568853,False
10373,43,老板，换货发了吗？,买家要求改商品信息,43,59,买家要求改商品信息,买家咨询换货发货时间,0.0023669335059821606,0.40179774165153503,0.3994308081455529,False
10378,65,穿久了 不会有屎臭味吧,买家咨询能否定制,65,102,买家咨询能否定制,买家咨询是否有味道,0.0015525630442425609,0.6365044116973877,0.6349518486531451,False
10379,13,换的衣服发过去了,买家表示商品已经寄回去了,13,59,买家表示商品已经寄回去了,买家咨询换货发货时间,0.09103748947381973,0.3809630274772644,0.28992553800344467,False
10381,67,然后明天我再申请退一件吗,买家咨询能否开发票及发票类型和寄送时间,67,22,买家咨询能否开发票及发票类型和寄送时间,买家表示需要退货退款,0.0023092867340892553,0.3406040668487549,0.3382947801146656,False
10385,21,我先拍170  不合适再换吧,买家表示先买来试试,21,8,买家表示先买来试试,买家表示马上下单付款,0.03644002228975296,0.10591389983892441,0.06947387754917145,False
10386,60,什么时候是活动价,买家咨询活动规则,60,99,买家咨询活动规则,买家咨询是否有活动,0.07630957663059235,0.35034042596817017,0.2740308493375778,False
10390,63,不好修改电话号码的话就算了，直接发货吧，到时小哥送货时直接送到地址上的小店就行了,买家咨询哪款更好,63,49,买家咨询哪款更好,买家要求修改收件信息,0.0066362288780510426,0.1760212481021881,0.16938501922413707,False
10391,9,对不起，我手快拍错码了,买家表示拍错了,9,39,买家表示拍错了,买家向商家表达不好意思,0.15661871433258057,0.313023179769516,0.15640446543693542,False
10392,23,那我现在退了再买行不,买家表示要重拍,23,110,买家表示要重拍,买家咨询退款时间,0.02279774099588394,0.08086313307285309,0.05806539207696915,False
10393,92,这个衣服能早一点帮发一下吧，马上开学要走了,买家咨询是否可以打折,92,29,买家咨询是否可以打折,买家催促发货,0.003782482584938407,0.3853697180747986,0.3815872354898602,False
10399,1,我还没找你们麻烦呢,买家表达不满/生气,1,33,买家表达不满/生气,买家发送结束语,0.03296926990151405,0.1819615215063095,0.14899225160479546,False
10404,60,还是400g的才送,买家咨询活动规则,60,86,买家咨询活动规则,买家咨询商品是否有赠品,0.01829659938812256,0.39955806732177734,0.3812614679336548,False
10407,50,发票我没有收到呢,买家要求延迟发货,50,67,买家要求延迟发货,买家咨询能否开发票及发票类型和寄送时间,0.012414632365107536,0.19932116568088531,0.18690653331577778,False
10409,60,小姐姐请问店铺五元红包可以叠加津贴用吗？,买家咨询活动规则,60,112,买家咨询活动规则,买家咨询优惠券使用规则,0.03942292556166649,0.09478044509887695,0.055357519537210464,False
10412,7,您好。不好意西 搞错了。谢谢,买家表示麻烦卖家，表达感谢,7,39,买家表示麻烦卖家，表达感谢,买家向商家表达不好意思,0.01832113042473793,0.4652327597141266,0.44691162928938866,False
10415,49,如果地址错了,买家要求修改收件信息,49,4,买家要求修改收件信息,买家表示地址正确,0.08518341928720474,0.12187224626541138,0.036688826978206635,False
10416,22,你好！这个是指定快递退货退款的吗？,买家表示需要退货退款,22,106,买家表示需要退货退款,买家咨询退换货支持快递,0.04610077291727066,0.35838913917541504,0.3122883662581444,False
10417,105,有点麻烦 运费也很贵,买家咨询退换货运费由谁承担,105,113,买家咨询退换货运费由谁承担,买家咨询运费金额,0.12492144107818604,0.14579583704471588,0.020874395966529846,False
10418,97,需要修改收货地址,买家咨询是否可以指定快递,97,49,买家咨询是否可以指定快递,买家要求修改收件信息,0.0018453823868185282,0.2308330237865448,0.22898764139972627,False
10419,111,那还8折吗？,买家咨询物流信息,111,92,买家咨询物流信息,买家咨询是否可以打折,0.00297581497579813,0.6201243996620178,0.6171485846862197,False
10421,40,我可以全是老客户了,买家需要商品推荐,40,15,买家需要商品推荐,买家表示是老顾客,0.001847862615250051,0.7793474793434143,0.7774996167281643,False
10422,60,请问、双十一活动买三免一的名单在哪看,买家咨询活动规则,60,99,买家咨询活动规则,买家咨询是否有活动,0.04622792825102806,0.09011213481426239,0.04388420656323433,False
10423,10,宝贝己收到,买家表示伤心难过,10,24,买家表示伤心难过,买家表示已经收到货了,0.0028356481343507767,0.3699181377887726,0.3670824896544218,False
10427,7,这款参加买一送一的，送的是哪款,买家表示麻烦卖家，表达感谢,7,86,买家表示麻烦卖家，表达感谢,买家咨询商品是否有赠品,0.006081394385546446,0.1328236609697342,0.12674226658418775,False
10428,26,单独买,买家表示优惠券无法使用,26,85,买家表示优惠券无法使用,买家咨询商品是否可以单买/单卖,0.010444014333188534,0.3982466161251068,0.3878026017919183,False
10431,82,可以满400 减40吗,买家咨询商品区别,82,60,买家咨询商品区别,买家咨询活动规则,0.003992218989878893,0.3387363851070404,0.3347441661171615,False
10432,90,一盒是70克？,买家咨询商品重量,90,75,买家咨询商品重量,买家咨询商品包装,0.07606875896453857,0.11803184449672699,0.041963085532188416,False
10433,0,这头是什么材质？,买家抱怨商品涨价了,0,77,买家抱怨商品涨价了,买家咨询商品的材质/面料,0.004004518035799265,0.24768094718456268,0.24367642914876342,False
10436,112,可以和我一起叠加优惠吗？,买家咨询优惠券使用规则,112,99,买家咨询优惠券使用规则,买家咨询是否有活动,0.04518615081906319,0.10483239591121674,0.05964624509215355,False
10438,57,我问的问题你还没回答,买家咨询返现金额,57,30,买家咨询返现金额,买家催促回复,0.004165204707533121,0.2050696164369583,0.2009044117294252,False
10440,25,208克大约有多少个,买家表示已下单付款,25,79,买家表示已下单付款,买家咨询商品规格数量,0.0024471955839544535,0.37027379870414734,0.3678266031201929,False
10445,100,那买家秀有吗,买家咨询是否有买家秀,100,99,买家咨询是否有买家秀,买家咨询是否有活动,0.03792928531765938,0.06370200961828232,0.02577272430062294,False
10447,60,啥时候有买一送一活动呀,买家咨询活动规则,60,99,买家咨询活动规则,买家咨询是否有活动,0.15130551159381866,0.20934002101421356,0.0580345094203949,False
10448,9,不好意思，这个拍错码了,买家表示拍错了,9,39,买家表示拍错了,买家向商家表达不好意思,0.09664423763751984,0.42702096700668335,0.3303767293691635,False
10450,14,就不能优先发货吗 /:018,买家表示稍等,14,66,买家表示稍等,买家咨询能否分开/一起发货,0.0028697240632027388,0.05942058190703392,0.05655085784383118,False
10451,99,有啥优惠不还,买家咨询是否有活动,99,62,买家咨询是否有活动,买家咨询买多件能否优惠,0.18681788444519043,0.33221709728240967,0.14539921283721924,False
10452,95,升级绒和普通版的有什么区别,买家咨询是否可以拒收,95,82,买家咨询是否可以拒收,买家咨询商品区别,0.022985024377703667,0.30337849259376526,0.2803934682160616,False
10456,29,那就明天一早发吧，,买家催促发货,29,54,买家催促发货,买家咨询发货时间,0.06971586495637894,0.23478373885154724,0.1650678738951683,False
10459,60,买四盒送7盒是吗,买家咨询活动规则,60,86,买家咨询活动规则,买家咨询商品是否有赠品,0.1023966372013092,0.12417783588171005,0.02178119868040085,False
10460,74,赠品退款可以到了吧？,买家咨询商家是否收到寄回的商品,74,110,买家咨询商家是否收到寄回的商品,买家咨询退款时间,0.07009202986955643,0.21694692969322205,0.14685489982366562,False
10462,16,那么就是和图片有色差？,买家表示收件信息不需要修改了,16,78,买家表示收件信息不需要修改了,买家咨询商品的色差问题,0.0010503758676350117,0.4043717682361603,0.40332139236852527,False
10465,26,我要全部都是黑色的,买家表示优惠券无法使用,26,88,买家表示优惠券无法使用,买家咨询商品是什么颜色,0.003084867261350155,0.20128268003463745,0.1981978127732873,False
10466,60,新客户送奶粉吗,买家咨询活动规则,60,86,买家咨询活动规则,买家咨询商品是否有赠品,0.024088365957140923,0.40608254075050354,0.3819941747933626,False
10474,90,这个是4斤？,买家咨询商品重量,90,81,买家咨询商品重量,买家咨询商品具体尺码尺寸,0.12636330723762512,0.14003720879554749,0.013673901557922363,False
10479,0,您好！能定制吗,买家抱怨商品涨价了,0,65,买家抱怨商品涨价了,买家咨询能否定制,0.002234895247966051,0.48036450147628784,0.4781296062283218,False
10482,112,拖地款和水洗蓝有什么区别,买家咨询优惠券使用规则,112,82,买家咨询优惠券使用规则,买家咨询商品区别,0.09963472187519073,0.32915306091308594,0.2295183390378952,False
10486,16,微信号码？,买家表示收件信息不需要修改了,16,47,买家表示收件信息不需要修改了,买家要求添加商家微信,0.009556521661579609,0.23669227957725525,0.22713575791567564,False
10487,4,有没有混和的啊,买家表示地址正确,4,78,买家表示地址正确,买家咨询商品的色差问题,0.004904091823846102,0.14059285819530487,0.13568876637145877,False
10494,60,为什么我优惠群抢不到,买家咨询活动规则,60,71,买家咨询活动规则,买家咨询如何领取优惠券,0.026011090725660324,0.16464850306510925,0.13863741233944893,False
10496,95,今天买可以今天发货不？发顺丰,买家咨询是否可以拒收,95,93,买家咨询是否可以拒收,买家咨询是否可以发顺丰,0.002908538794144988,0.6067367196083069,0.6038281808141619,False
10497,12,我买的这件大衣，写着黑色，可不是纯黑色,买家表示商家发错货了,12,88,买家表示商家发错货了,买家咨询商品是什么颜色,0.08963107317686081,0.22351191937923431,0.1338808462023735,False
10502,97,记得中通快递哦,买家咨询是否可以指定快递,97,106,买家咨询是否可以指定快递,买家咨询退换货支持快递,0.27323850989341736,0.3367784321308136,0.06353992223739624,False
10504,98,满五星就可以返现,买家咨询是否有好评返现,98,58,买家咨询是否有好评返现,买家咨询返现时间,0.10900554060935974,0.29656270146369934,0.1875571608543396,False
10505,97,我真的收不到了,买家咨询是否可以指定快递,97,110,买家咨询是否可以指定快递,买家咨询退款时间,0.028169209137558937,0.09630455076694489,0.06813534162938595,False
10511,60,这个参与400减50嘛,买家咨询活动规则,60,14,买家咨询活动规则,买家表示稍等,0.04572069272398949,0.08409222215414047,0.038371529430150986,False
10512,73,这个物流怎么了,买家咨询商家发货地,73,111,买家咨询商家发货地,买家咨询物流信息,0.00949416495859623,0.45673686265945435,0.4472426977008581,False
10516,72,怎么拍第二件就得半价,买家咨询如何下单,72,62,买家咨询如何下单,买家咨询买多件能否优惠,0.031799811869859695,0.13503676652908325,0.10323695465922356,False
10517,55,好的，谢谢，我还没去拿快递呢,买家咨询发什么快递,55,7,买家咨询发什么快递,买家表示麻烦卖家，表达感谢,0.01756121776998043,0.20580054819583893,0.1882393304258585,False
10518,57,我直接下单定制吗？,买家咨询返现金额,57,65,买家咨询返现金额,买家咨询能否定制,0.00738626578822732,0.2984243929386139,0.29103812715038657,False
10523,95,那个运费险不退的么,买家咨询是否可以拒收,95,114,买家咨询是否可以拒收,买家咨询运费险赔付规则,0.0007296738331206143,0.737493634223938,0.7367639603908174,False
10524,92,双11拍两件五折优惠是吗,买家咨询是否可以打折,92,62,买家咨询是否可以打折,买家咨询买多件能否优惠,0.09446284174919128,0.22533661127090454,0.13087376952171326,False
10527,55,发什么快递？我是内蒙古的,买家咨询发什么快递,55,69,买家咨询发什么快递,买家咨询偏远地区是否发货,0.06823625415563583,0.08561861515045166,0.017382360994815826,False
10528,90,那我这里退回去的话运费怎么算,买家咨询商品重量,90,113,买家咨询商品重量,买家咨询运费金额,0.0028343633748590946,0.4524199664592743,0.4495856030844152,False
10529,1,这个客服的服务态度真的只值一颗星,买家表达不满/生气,1,2,买家表达不满/生气,买家表达赞美/满意,0.013584252446889877,0.5220907926559448,0.508506540209055,False
10533,80,粉色和蓝色有什么区别吗,买家咨询商品价格,80,82,买家咨询商品价格,买家咨询商品区别,0.002978291129693389,0.26695945858955383,0.26398116745986044,False
10536,104,15天内是不是可以退换。,买家咨询退换货规则,104,110,买家咨询退换货规则,买家咨询退款时间,0.12750323116779327,0.14927974343299866,0.021776512265205383,False
10537,4,咱们这个商品可以发中通吗,买家表示地址正确,4,106,买家表示地址正确,买家咨询退换货支持快递,0.0018690860597416759,0.36094897985458374,0.35907989379484206,False
10540,0,你好！买二送一挂钩必须是同款的吗?,买家抱怨商品涨价了,0,60,买家抱怨商品涨价了,买家咨询活动规则,0.03177376836538315,0.27256301045417786,0.2407892420887947,False
10544,76,是太过分了,买家咨询商品产地,76,1,买家咨询商品产地,买家表达不满/生气,0.0025380298029631376,0.3673475682735443,0.3648095384705812,False
10545,60,这个买一送一？都送吗,买家咨询活动规则,60,86,买家咨询活动规则,买家咨询商品是否有赠品,0.1305474042892456,0.19747593998908997,0.06692853569984436,False
10546,2,问你这个是59块多，是买2送1吗？,买家表达赞美/满意,2,80,买家表达赞美/满意,买家咨询商品价格,0.0029258099384605885,0.21694691479206085,0.21402110485360026,False
10547,22,好的，感谢，您先忙,买家表示需要退货退款,22,7,买家表示需要退货退款,买家表示麻烦卖家，表达感谢,0.006572037935256958,0.22792953252792358,0.22135749459266663,False
10550,29,前天晚上买的，现在还没发货呢？什么时候发,买家催促发货,29,54,买家催促发货,买家咨询发货时间,0.1733386069536209,0.27018219232559204,0.09684358537197113,False
10552,99,那到了双十一是不是比较优惠,买家咨询是否有活动,99,62,买家咨询是否有活动,买家咨询买多件能否优惠,0.20579874515533447,0.24945028126239777,0.04365153610706329,False
10553,89,你好！我怎么没有看到我的物流信息呢？,买家咨询商品质量是否有保障,89,111,买家咨询商品质量是否有保障,买家咨询物流信息,0.005906980484724045,0.4579479396343231,0.4520409591495991,False
10555,55,直接邮政不行吗,买家咨询发什么快递,55,97,买家咨询发什么快递,买家咨询是否可以指定快递,0.14389844238758087,0.2766583263874054,0.13275988399982452,False
10556,14,帮我备注一下寄圆通。,买家表示稍等,14,106,买家表示稍等,买家咨询退换货支持快递,0.0008472033077850938,0.2791147828102112,0.2782675795024261,False
10558,83,亲现在还买2送1吗,买家咨询商品上新时间,83,60,买家咨询商品上新时间,买家咨询活动规则,0.008800188079476357,0.30904337763786316,0.3002431895583868,False
10560,49,地址改成上一次的,买家要求修改收件信息,49,37,买家要求修改收件信息,买家确认地址是否修改成功,0.17792880535125732,0.21161875128746033,0.033689945936203,False
10565,24,这款宝贝早就加购了，以为双十二会有活动，结果越等越贵 /:018,买家表示已经收到货了,24,0,买家表示已经收到货了,买家抱怨商品涨价了,0.0032789339311420918,0.24441713094711304,0.24113819701597095,False
10567,80,后面还要出多少钱呢,买家咨询商品价格,80,113,买家咨询商品价格,买家咨询运费金额,0.057845547795295715,0.45656463503837585,0.39871908724308014,False
10569,90,四包五百克的？,买家咨询商品重量,90,79,买家咨询商品重量,买家咨询商品规格数量,0.12920890748500824,0.18486298620700836,0.05565407872200012,False
10571,1,行啊，你求我,买家表达不满/生气,1,33,买家表达不满/生气,买家发送结束语,0.056114207953214645,0.11830390244722366,0.06218969449400902,False
10572,113,这个的贴纸没有单独卖吗,买家咨询运费金额,113,85,买家咨询运费金额,买家咨询商品是否可以单买/单卖,0.0007501149666495621,0.5890499949455261,0.5882998799788766,False
10575,28,奥，我收到货你再返给我10元呗,买家表示再看看,28,57,买家表示再看看,买家咨询返现金额,0.0033235170412808657,0.5417481064796448,0.5384245894383639,False
10576,1,你们这家效率好慢啊,买家表达不满/生气,1,20,买家表达不满/生气,买家表示物流太慢了,0.011256735771894455,0.43937936425209045,0.428122628480196,False
10577,92,你看看什么时候能发，时间长了我就不要了。,买家咨询是否可以打折,92,3,买家咨询是否可以打折,买家表示不想要了,0.004307818133383989,0.3013592064380646,0.2970513883046806,False
10580,13,10.20号就寄回去了的,买家表示商品已经寄回去了,13,6,买家表示商品已经寄回去了,买家表示具体时间寄回去,0.2564997673034668,0.29709580540657043,0.04059603810310364,False
10582,108,指定邮政快递,买家咨询退款金额,108,97,买家咨询退款金额,买家咨询是否可以指定快递,0.001607957063242793,0.4959258735179901,0.4943179164547473,False
10584,111,快递无法中转，给个消息啊,买家咨询物流信息,111,20,买家咨询物流信息,买家表示物流太慢了,0.08129261434078217,0.1506820023059845,0.06938938796520233,False
10585,49,地址错了  能改嘛,买家要求修改收件信息,49,37,买家要求修改收件信息,买家确认地址是否修改成功,0.10335517674684525,0.2079910933971405,0.10463591665029526,False
10588,0,我的时间很宝贵,买家抱怨商品涨价了,0,79,买家抱怨商品涨价了,买家咨询商品规格数量,0.028406234458088875,0.04384826868772507,0.015442034229636192,False
10589,49,地址错了，等一下,买家要求修改收件信息,49,14,买家要求修改收件信息,买家表示稍等,0.013377989642322063,0.39095380902290344,0.3775758193805814,False
10593,22,不是定制30吗怎么会小,买家表示需要退货退款,22,65,买家表示需要退货退款,买家咨询能否定制,0.004019586369395256,0.21142546832561493,0.20740588195621967,False
10594,25,店家你好,买家表示已下单付款,25,31,买家表示已下单付款,买家打招呼,0.0014527329476550221,0.7239466905593872,0.7224939576117322,False
10597,83,你给我查下，是物流没更新，还是没发货,买家咨询商品上新时间,83,29,买家咨询商品上新时间,买家催促发货,0.0066487230360507965,0.15610139071941376,0.14945266768336296,False
10601,77,我是你们家回头客了，这款最低多少钱,买家咨询商品的材质/面料,77,38,买家咨询商品的材质/面料,买家讨价还价,0.0013758543645963073,0.40951552987098694,0.40813967550639063,False
10603,23,我拍的是预售？,买家表示要重拍,23,84,买家表示要重拍,买家咨询商品是不是预售款,0.001682783244177699,0.7471138834953308,0.7454311002511531,False
10604,60,我签满35天了 怎么没有优惠卷,买家咨询活动规则,60,71,买家咨询活动规则,买家咨询如何领取优惠券,0.008645717985928059,0.5174053907394409,0.5087596727535129,False
10605,95,你好，换的货哪天能发货吗？,买家咨询是否可以拒收,95,59,买家咨询是否可以拒收,买家咨询换货发货时间,0.009226826950907707,0.22534112632274628,0.21611429937183857,False
10606,5,我的物流都没动啊,买家表示好的,5,20,买家表示好的,买家表示物流太慢了,0.0025056444574147463,0.4236178696155548,0.42111222515814006,False
10608,97,怎么不给我寄申通呢,买家咨询是否可以指定快递,97,106,买家咨询是否可以指定快递,买家咨询退换货支持快递,0.09247151762247086,0.4922468066215515,0.39977528899908066,False
10620,42,你们寄的什么号，我买的S，你给我寄XL,买家要求发货检查,42,61,买家要求发货检查,买家咨询快递单号,0.005414919927716255,0.267085462808609,0.26167054288089275,False
10621,24,500克不是虾的净重吗？,买家表示已经收到货了,24,90,买家表示已经收到货了,买家咨询商品重量,0.0010317168198525906,0.36410897970199585,0.36307726288214326,False
10623,22,现在还要退吗？,买家表示需要退货退款,22,108,买家表示需要退货退款,买家咨询退款金额,0.07222126424312592,0.21597662568092346,0.14375536143779755,False
10625,97,不要寄百世快递给我,买家咨询是否可以指定快递,97,106,买家咨询是否可以指定快递,买家咨询退换货支持快递,0.09243720024824142,0.3513506054878235,0.25891340523958206,False
10627,30,蚊帐能订做吗？,买家催促回复,30,65,买家催促回复,买家咨询能否定制,0.001180790364742279,0.6024684309959412,0.6012876406311989,False
10632,109,怎么退呀返还支付宝吗？,买家咨询退款去向,109,56,买家咨询退款去向,买家咨询返现方式,0.34578564763069153,0.38176169991493225,0.03597605228424072,False
10633,104,没洗的原因,买家咨询退换货规则,104,43,买家咨询退换货规则,买家要求改商品信息,0.04293575510382652,0.08166464418172836,0.03872888907790184,False
10637,3,你好我想换码重拍,买家表示不想要了,3,23,买家表示不想要了,买家表示要重拍,0.005120602902024984,0.3685847818851471,0.3634641789831221,False
10643,8,免费得睡裤的活动，我要下单了,买家表示马上下单付款,8,99,买家表示马上下单付款,买家咨询是否有活动,0.02696346491575241,0.1353931576013565,0.1084296926856041,False
10646,86,送叉吗,买家咨询商品是否有赠品,86,17,买家咨询商品是否有赠品,买家表示送人的,0.04565297067165375,0.05587867274880409,0.010225702077150345,False
10649,110,除非给我钱,买家咨询退款时间,110,108,买家咨询退款时间,买家咨询退款金额,0.01910255290567875,0.09675233066082001,0.07764977775514126,False
10650,19,你好，今天拍下还能发货吗,买家表示无法下单,19,54,买家表示无法下单,买家咨询发货时间,0.01017811056226492,0.43658795952796936,0.42640984896570444,False
10651,80,这款团购最低多少钱,买家咨询商品价格,80,38,买家咨询商品价格,买家讨价还价,0.036918755620718,0.34872278571128845,0.31180403009057045,False
10652,99,这款马甲我们要是买的多有优惠吗？,买家咨询是否有活动,99,62,买家咨询是否有活动,买家咨询买多件能否优惠,0.20761418342590332,0.31562963128089905,0.10801544785499573,False
10653,60,选项是买-500kg*2 送同款,买家咨询活动规则,60,86,买家咨询活动规则,买家咨询商品是否有赠品,0.08825119584798813,0.12815235555171967,0.03990115970373154,False
10656,60,9.9号灰色按键款599元还能用津贴少几十元吗,买家咨询活动规则,60,41,买家咨询活动规则,买家要求补偿,0.03160278871655464,0.28180503845214844,0.2502022497355938,False
10659,80,那有礼品是多少钱了,买家咨询商品价格,80,113,买家咨询商品价格,买家咨询运费金额,0.11553656309843063,0.3387620151042938,0.2232254520058632,False
10669,60,这种的话 是双11用不了5元的红包是吗,买家咨询活动规则,60,84,买家咨询活动规则,买家咨询商品是不是预售款,0.0225193053483963,0.11097463220357895,0.08845532685518265,False
10670,60,这款衣服参加双十二活动吗？,买家咨询活动规则,60,99,买家咨询活动规则,买家咨询是否有活动,0.015598343685269356,0.10165625065565109,0.08605790697038174,False
10673,82,不一样的？,买家咨询商品区别,82,5,买家咨询商品区别,买家表示好的,0.06006980687379837,0.06818502396345139,0.008115217089653015,False
10674,4,可以发中通吗，,买家表示地址正确,4,106,买家表示地址正确,买家咨询退换货支持快递,0.0019750201608985662,0.3803260326385498,0.37835101247765124,False
10675,88,马上退款,买家咨询商品是什么颜色,88,22,买家咨询商品是什么颜色,买家表示需要退货退款,0.003839296754449606,0.16681545972824097,0.16297616297379136,False
10677,77,我有家童装店，如果在你家拿货，可以有多少折扣,买家咨询商品的材质/面料,77,92,买家咨询商品的材质/面料,买家咨询是否可以打折,0.0010657409438863397,0.5752595663070679,0.5741938253631815,False
10679,33,香辣味的是什么包装的？,买家发送结束语,33,75,买家发送结束语,买家咨询商品包装,0.002463338430970907,0.6393068432807922,0.6368435048498213,False
10680,35,老顾客也没有优惠嘛,买家发送支付宝账号,35,38,买家发送支付宝账号,买家讨价还价,0.0015154079301282763,0.21804898977279663,0.21653358184266835,False
10681,14,你好，我已经收到货了～买一送一的钱是怎么退呢,买家表示稍等,14,60,买家表示稍等,买家咨询活动规则,0.003630246501415968,0.17982986569404602,0.17619961919263005,False
10682,94,我的枕头有备注修改地址的，要寄到江西去哈,买家咨询是否可以改价,94,16,买家咨询是否可以改价,买家表示收件信息不需要修改了,0.004171471577137709,0.16243427991867065,0.15826280834153295,False
10684,4,宝贝收到了，麻烦你开发票吧,买家表示地址正确,4,67,买家表示地址正确,买家咨询能否开发票及发票类型和寄送时间,0.007096294779330492,0.2958456575870514,0.2887493628077209,False
10688,79,拍200克送200克吗,买家咨询商品规格数量,79,80,买家咨询商品规格数量,买家咨询商品价格,0.05718649551272392,0.21520119905471802,0.1580147035419941,False
10694,105,这几件可以今天发顺丰么,买家咨询退换货运费由谁承担,105,93,买家咨询退换货运费由谁承担,买家咨询是否可以发顺丰,0.003394735511392355,0.703467607498169,0.7000728719867766,False
10697,97,好吧，帮我发中通吧。,买家咨询是否可以指定快递,97,106,买家咨询是否可以指定快递,买家咨询退换货支持快递,0.14789657294750214,0.4442645311355591,0.29636795818805695,False
10698,6,怎么加微信又回,买家表示具体时间寄回去,6,47,买家表示具体时间寄回去,买家要求添加商家微信,0.002315809950232506,0.6312533020973206,0.628937492147088,False
10700,10,还有好几个漏气的，压扁了，还能吃吗？,买家表示伤心难过,10,36,买家表示伤心难过,买家反馈收到的商品有问题,0.006913641933351755,0.544201135635376,0.5372874937020242,False
10702,54,这个这么快就发货了吗,买家咨询发货时间,54,29,买家咨询发货时间,买家催促发货,0.14145176112651825,0.23422376811504364,0.09277200698852539,False
10703,5,好的，我让家里人看看,买家表示好的,5,28,买家表示好的,买家表示再看看,0.031836383044719696,0.14336197078227997,0.11152558773756027,False
10704,99,在吗？有优惠吗,买家咨询是否有活动,99,62,买家咨询是否有活动,买家咨询买多件能否优惠,0.22088932991027832,0.24457764625549316,0.023688316345214844,False
10707,60,明天双11更优惠一点,买家咨询活动规则,60,99,买家咨询活动规则,买家咨询是否有活动,0.055112000554800034,0.27765220403671265,0.2225402034819126,False
10712,62,亲 我退货你们收到了,买家咨询买多件能否优惠,62,74,买家咨询买多件能否优惠,买家咨询商家是否收到寄回的商品,0.0014134375378489494,0.4634328782558441,0.46201944071799517,False
10713,36,到中山大概多久送到呢,买家反馈收到的商品有问题,36,53,买家反馈收到的商品有问题,买家咨询到货时间,0.001042059506289661,0.4111054241657257,0.41006336465943605,False
10717,110,额  一直在揽收,买家咨询退款时间,110,24,买家咨询退款时间,买家表示已经收到货了,0.004956602118909359,0.12304672598838806,0.1180901238694787,False
10718,5,买二送一，也是送同款同数量吗,买家表示好的,5,60,买家表示好的,买家咨询活动规则,0.0026099556125700474,0.2832060158252716,0.28059606021270156,False
10719,17,是电子票吗那,买家表示送人的,17,84,买家表示送人的,买家咨询商品是不是预售款,0.0040388042107224464,0.10750085115432739,0.10346204694360495,False
10720,3,涨袋和不涨袋都是正常的吗,买家表示不想要了,3,29,买家表示不想要了,买家催促发货,0.008523429743945599,0.05643649026751518,0.047913060523569584,False
10722,12,小姐姐，我的订单编号号是什么？,买家表示商家发错货了,12,61,买家表示商家发错货了,买家咨询快递单号,0.024495434015989304,0.25018420815467834,0.22568877413868904,False
10723,105,那退回去，运费怎么算,买家咨询退换货运费由谁承担,105,113,买家咨询退换货运费由谁承担,买家咨询运费金额,0.10472968220710754,0.4401327073574066,0.3354030251502991,False
10724,64,一斤有多少？,买家咨询能否到付,64,90,买家咨询能否到付,买家咨询商品重量,0.008882395923137665,0.12230837345123291,0.11342597752809525,False
10725,80,大概要多少钱呢？,买家咨询商品价格,80,113,买家咨询商品价格,买家咨询运费金额,0.0832642912864685,0.4766390919685364,0.39337480068206787,False
10726,61,退款我的支付宝还没有收到哦,买家咨询快递单号,61,110,买家咨询快递单号,买家咨询退款时间,0.005015034228563309,0.3017260432243347,0.2967110089957714,False
10729,38,小太阳和大太阳有什么区别,买家讨价还价,38,82,买家讨价还价,买家咨询商品区别,0.0008291695266962051,0.2670944035053253,0.2662652339786291,False
10735,11,可以帮我修改地址吗？,买家表示商家发错地址,11,16,买家表示商家发错地址,买家表示收件信息不需要修改了,0.01046824175864458,0.2222098559141159,0.21174161415547132,False
10738,55,中通不行吗,买家咨询发什么快递,55,106,买家咨询发什么快递,买家咨询退换货支持快递,0.041353628039360046,0.4694173336029053,0.4280637055635452,False
10739,11,我看你已经发出来了，就不用退了,买家表示商家发错地址,11,46,买家表示商家发错地址,买家要求取消退换货退款,0.0027113615069538355,0.2849162220954895,0.28220486058853567,False
10744,14,那我明天再买,买家表示稍等,14,8,买家表示稍等,买家表示马上下单付款,0.004481782671064138,0.209780752658844,0.20529896998777986,False
10745,53,肉松饼大概价格是多少钱一个,买家咨询到货时间,53,80,买家咨询到货时间,买家咨询商品价格,0.005150762386620045,0.37327784299850464,0.3681270806118846,False
10752,82,以前买过那种鞋底跟泡沫一样的，很硬，,买家咨询商品区别,82,36,买家咨询商品区别,买家反馈收到的商品有问题,0.008341743610799313,0.11934708803892136,0.11100534442812204,False
10754,60,买三免一是什么意思,买家咨询活动规则,60,58,买家咨询活动规则,买家咨询返现时间,0.07428468763828278,0.10527023673057556,0.030985549092292786,False
10756,44,好评有啥优惠吗,买家要求改运费,44,98,买家要求改运费,买家咨询是否有好评返现,0.0012378578539937735,0.6405588388442993,0.6393209809903055,False
10757,49,已下单，买了2条,买家要求修改收件信息,49,25,买家要求修改收件信息,买家表示已下单付款,0.0014171162620186806,0.38918760418891907,0.3877704879269004,False
10768,98,嗯嗯，知道了，谢谢,买家咨询是否有好评返现,98,7,买家咨询是否有好评返现,买家表示麻烦卖家，表达感谢,0.0037938300520181656,0.5327617526054382,0.5289679225534201,False
10769,43,帮我安排发票,买家要求改商品信息,43,67,买家要求改商品信息,买家咨询能否开发票及发票类型和寄送时间,0.0032132987398654222,0.24977616965770721,0.2465628709178418,False
10771,99,你下单的这个送不送勺子,买家咨询是否有活动,99,86,买家咨询是否有活动,买家咨询商品是否有赠品,0.005099637433886528,0.5098008513450623,0.5047012139111757,False
10774,72,在想想吧,买家咨询如何下单,72,28,买家咨询如何下单,买家表示再看看,0.002012814860790968,0.5862751007080078,0.5842622858472168,False
10782,9,味道重不重,买家表示拍错了,9,102,买家表示拍错了,买家咨询是否有味道,0.0021773388143628836,0.48430296778678894,0.48212562897242606,False
10785,77,退货地址发下！,买家咨询商品的材质/面料,77,103,买家咨询商品的材质/面料,买家咨询退换货地址,0.001721482607536018,0.4039739966392517,0.4022525140317157,False
10792,98,亲现在买能改价吗,买家咨询是否有好评返现,98,94,买家咨询是否有好评返现,买家咨询是否可以改价,0.0008074858924373984,0.6768551468849182,0.6760476609924808,False
10795,31,我不懂这些东西，我是第一次买,买家打招呼,31,15,买家打招呼,买家表示是老顾客,0.0017909264424815774,0.13296222686767578,0.1311713004251942,False
10800,13,能把我换新的裤子快递单号发给我吗,买家表示商品已经寄回去了,13,61,买家表示商品已经寄回去了,买家咨询快递单号,0.001792345312424004,0.6005248427391052,0.5987324974266812,False
10803,98,怎么加，在哪加,买家咨询是否有好评返现,98,47,买家咨询是否有好评返现,买家要求添加商家微信,0.0071184830740094185,0.5391402244567871,0.5320217413827777,False
10807,77,你讲人话不？,买家咨询商品的材质/面料,77,1,买家咨询商品的材质/面料,买家表达不满/生气,0.005415254272520542,0.15538953244686127,0.14997427817434072,False
10809,27,你们限，拍不了,买家表示有疑问/不理解,27,19,买家表示有疑问/不理解,买家表示无法下单,0.005700546782463789,0.5875144600868225,0.5818139133043587,False
10815,47,/:018 /:018 /:018 我又来了,买家要求添加商家微信,47,5,买家要求添加商家微信,买家表示好的,0.011704306118190289,0.16340067982673645,0.15169637370854616,False
10817,58,可以直接打折么,买家咨询返现时间,58,92,买家咨询返现时间,买家咨询是否可以打折,0.0019821266178041697,0.6299906969070435,0.6280085702892393,False
10822,49,订单已经改过地址了吧,买家要求修改收件信息,49,37,买家要求修改收件信息,买家确认地址是否修改成功,0.1984013468027115,0.22916215658187866,0.030760809779167175,False
10829,75,棕色色差大吗,买家咨询商品包装,75,78,买家咨询商品包装,买家咨询商品的色差问题,0.002415232127532363,0.37527695298194885,0.3728617208544165,False
10830,102,自己买运费险如果不用会不会退运费险的钱？,买家咨询是否有味道,102,114,买家咨询是否有味道,买家咨询运费险赔付规则,0.0008395314798690379,0.7345084547996521,0.7336689233197831,False
10832,90,一盒多少G,买家咨询商品重量,90,75,买家咨询商品重量,买家咨询商品包装,0.03403120115399361,0.2687579095363617,0.2347267083823681,False
10833,47,先交退货申请对吗？,买家要求添加商家微信,47,22,买家要求添加商家微信,买家表示需要退货退款,0.0012739122612401843,0.3981465995311737,0.3968726872699335,False
10841,105,如果到时候穿不了 还是可以退换的吧,买家咨询退换货运费由谁承担,105,104,买家咨询退换货运费由谁承担,买家咨询退换货规则,0.004581134766340256,0.21987879276275635,0.2152976579964161,False
10843,105,不发货，退了,买家咨询退换货运费由谁承担,105,29,买家咨询退换货运费由谁承担,买家催促发货,0.0037794848904013634,0.19504380226135254,0.19126431737095118,False
10845,70,这个寄回去运费怎么算,买家咨询如何加入会员,70,113,买家咨询如何加入会员,买家咨询运费金额,0.005133011378347874,0.4665057361125946,0.46137272473424673,False
10846,51,我想要买黑色,买家要求延长收货时间,51,15,买家要求延长收货时间,买家表示是老顾客,0.00499807158485055,0.07721221446990967,0.07221414288505912,False
10848,89,在吗 可以催一下快递吗,买家咨询商品质量是否有保障,89,20,买家咨询商品质量是否有保障,买家表示物流太慢了,0.0008283681236207485,0.42707034945487976,0.426241981331259,False
10851,108,你好 请问我另外一条半价退多少钱呢,买家咨询退款金额,108,113,买家咨询退款金额,买家咨询运费金额,0.02854325994849205,0.13862642645835876,0.11008316650986671,False
10852,97,寄邮政快递吗,买家咨询是否可以指定快递,97,106,买家咨询是否可以指定快递,买家咨询退换货支持快递,0.2532760798931122,0.25686904788017273,0.003592967987060547,False
10856,40,想买一斤的,买家需要商品推荐,40,81,买家需要商品推荐,买家咨询商品具体尺码尺寸,0.02380487136542797,0.04616226255893707,0.022357391193509102,False
10858,88,亲，给个双十一价吧,买家咨询商品是什么颜色,88,80,买家咨询商品是什么颜色,买家咨询商品价格,0.0011630741646513343,0.19465358555316925,0.19349051138851792,False
10859,104,大了，可以包邮退换吗！,买家咨询退换货规则,104,105,买家咨询退换货规则,买家咨询退换货运费由谁承担,0.18358470499515533,0.21386665105819702,0.030281946063041687,False
10862,59,亲 我颜色拍错了，我申请了退款，麻烦亲通过一下，谢谢,买家咨询换货发货时间,59,22,买家咨询换货发货时间,买家表示需要退货退款,0.005879934877157211,0.34278178215026855,0.33690184727311134,False
10864,45,加顺丰怎么加,买家要求核对订单信息,45,93,买家要求核对订单信息,买家咨询是否可以发顺丰,0.004629924427717924,0.17830468714237213,0.1736747627146542,False
10865,46,亲，加绒和厚绒的有什么区别,买家要求取消退换货退款,46,82,买家要求取消退换货退款,买家咨询商品区别,0.0011633179383352399,0.31815391778945923,0.316990599851124,False
10871,72,嗯嗯好的谢谢啦,买家咨询如何下单,72,7,买家咨询如何下单,买家表示麻烦卖家，表达感谢,0.0010215092916041613,0.5368014574050903,0.5357799481134862,False
10873,59,你们是杭州发货是吗？,买家咨询换货发货时间,59,73,买家咨询换货发货时间,买家咨询商家发货地,0.0051554124802351,0.4729774594306946,0.4678220469504595,False
10886,86,得了，你忙吧，不逗你啦,买家咨询商品是否有赠品,86,33,买家咨询商品是否有赠品,买家发送结束语,0.0023065314162522554,0.11973793804645538,0.11743140663020313,False
10891,21,那有没有保证质量时间啊,买家表示先买来试试,21,89,买家表示先买来试试,买家咨询商品质量是否有保障,0.002861016197130084,0.5433645248413086,0.5405035086441785,False
10894,61,抢了30优惠券怎么用不了,买家咨询快递单号,61,26,买家咨询快递单号,买家表示优惠券无法使用,0.0027340480592101812,0.26713523268699646,0.2644011846277863,False
10895,49,我给我爸买的。然后他给我爸打电话说地址不详细。,买家要求修改收件信息,49,4,买家要求修改收件信息,买家表示地址正确,0.026219259947538376,0.19594404101371765,0.16972478106617928,False
10897,104,如果不满意，是不是可以退一半啊,买家咨询退换货规则,104,108,买家咨询退换货规则,买家咨询退款金额,0.017247773706912994,0.3492026627063751,0.3319548889994621,False
10904,97,快递不要韵达，其他都可以,买家咨询是否可以指定快递,97,106,买家咨询是否可以指定快递,买家咨询退换货支持快递,0.21626244485378265,0.312339186668396,0.09607674181461334,False
10911,60,地址错了能改不,买家咨询活动规则,60,37,买家咨询活动规则,买家确认地址是否修改成功,0.00279413559474051,0.1745264232158661,0.17173228762112558,False
10917,82,你好这个两盒包邮的话，我可以要两种不一样的口味吗,买家咨询商品区别,82,80,买家咨询商品区别,买家咨询商品价格,0.0010592646431177855,0.24500463902950287,0.24394537438638508,False
10918,95,能给推荐下吗,买家咨询是否可以拒收,95,40,买家咨询是否可以拒收,买家需要商品推荐,0.0056915562599897385,0.5325255990028381,0.5268340427428484,False
10922,104,之前没洗,买家咨询退换货规则,104,43,买家咨询退换货规则,买家要求改商品信息,0.06986135244369507,0.3541755974292755,0.28431424498558044,False
10923,104,不满意可以退货不是吗？,买家咨询退换货规则,104,22,买家咨询退换货规则,买家表示需要退货退款,0.10701671242713928,0.22070083022117615,0.11368411779403687,False
10924,1,不用了，滚！,买家表达不满/生气,1,7,买家表达不满/生气,买家表示麻烦卖家，表达感谢,0.052530404180288315,0.11843887716531754,0.06590847298502922,False
10925,42,你们也审查下质量，,买家要求发货检查,42,89,买家要求发货检查,买家咨询商品质量是否有保障,0.0016005525831133127,0.6727312803268433,0.67113072774373,False
10927,57,是不是我收到货了要给我退20,买家咨询返现金额,57,108,买家咨询返现金额,买家咨询退款金额,0.1525714248418808,0.31347063183784485,0.16089920699596405,False
10929,99,现在活动是拍2发4？拍1送2的有吗,买家咨询是否有活动,99,60,买家咨询是否有活动,买家咨询活动规则,0.0797589048743248,0.34537795186042786,0.26561904698610306,False
10930,79,你好，我这条订单卫衣先不发货,买家咨询商品规格数量,79,50,买家咨询商品规格数量,买家要求延迟发货,0.0012987437658011913,0.25013983249664307,0.24884108873084188,False
10934,54,给个时间吧，,买家咨询发货时间,54,29,买家咨询发货时间,买家催促发货,0.05713915452361107,0.12077304720878601,0.06363389268517494,False
10935,39,亲，裤子收到了不合适，退货吧,买家向商家表达不好意思,39,22,买家向商家表达不好意思,买家表示需要退货退款,0.004136517643928528,0.30645036697387695,0.3023138493299484,False
10936,54,酸梅粉1公斤的多少1包,买家咨询发货时间,54,79,买家咨询发货时间,买家咨询商品规格数量,0.0020630585495382547,0.25058314204216003,0.24852008349262178,False
10938,38,我一条一条拍 一条便宜三块,买家讨价还价,38,62,买家讨价还价,买家咨询买多件能否优惠,0.1624222844839096,0.29691123962402344,0.13448895514011383,False
10939,34,这款卫衣可以定制吗,买家发送开票信息,34,65,买家发送开票信息,买家咨询能否定制,0.005438693333417177,0.579855740070343,0.5744170467369258,False
10944,50,老板，,买家要求延迟发货,50,31,买家要求延迟发货,买家打招呼,0.0037444462068378925,0.2898934781551361,0.2861490319482982,False
10945,40,你好。这个我现在拍下去什么时候发货呀？,买家需要商品推荐,40,54,买家需要商品推荐,买家咨询发货时间,0.001523015322163701,0.4880886673927307,0.486565652070567,False
10946,79,意思现在不能便宜了,买家咨询商品规格数量,79,38,买家咨询商品规格数量,买家讨价还价,0.0029114685021340847,0.22639374434947968,0.2234822758473456,False
10947,0,太贵了，能否便宜点,买家抱怨商品涨价了,0,38,买家抱怨商品涨价了,买家讨价还价,0.17412252724170685,0.21590906381607056,0.04178653657436371,False
10949,108,请问可以修改收货地址吗,买家咨询退款金额,108,49,买家咨询退款金额,买家要求修改收件信息,0.0007024801452644169,0.22399884462356567,0.22329636447830126,False
10950,79,我买的那个肉松饼好多个？,买家咨询商品规格数量,79,40,买家咨询商品规格数量,买家需要商品推荐,0.02912498451769352,0.0775584727525711,0.048433488234877586,False
10953,1,亲 东西急需能发顺丰快递吗,买家表达不满/生气,1,93,买家表达不满/生气,买家咨询是否可以发顺丰,0.0015170425176620483,0.6081199049949646,0.6066028624773026,False
10957,76,说是收货后返现的,买家咨询商品产地,76,58,买家咨询商品产地,买家咨询返现时间,0.0017011448508128524,0.25478148460388184,0.253080339753069,False
10958,93,好的，谢谢啦，快递费怎么退?,买家咨询是否可以发顺丰,93,48,买家咨询是否可以发顺丰,买家要求退运费,0.005520163103938103,0.1940069943666458,0.1884868312627077,False
10959,43,衣服可以改小一点吗,买家要求改商品信息,43,94,买家要求改商品信息,买家咨询是否可以改价,0.27539917826652527,0.31410539150238037,0.0387062132358551,False
10961,42,这一款会有味道吗？,买家要求发货检查,42,102,买家要求发货检查,买家咨询是否有味道,0.002272668993100524,0.6827234625816345,0.680450793588534,False
10965,116,那收到再说吧，要是差不多就不换了,买家咨询赠品是否可以自选,116,46,买家咨询赠品是否可以自选,买家要求取消退换货退款,0.005612722132354975,0.3193114101886749,0.31369868805631995,False
10969,57,亲帮忙改下运费谢谢,买家咨询返现金额,57,44,买家咨询返现金额,买家要求改运费,0.005041385535150766,0.3125530779361725,0.3075116924010217,False
10973,25,给个双十二价可以吗？,买家表示已下单付款,25,80,买家表示已下单付款,买家咨询商品价格,0.0016413071425631642,0.1475256085395813,0.14588430139701813,False
10980,32,那就A款紫色,买家对特定款式/颜色表达喜好,32,88,买家对特定款式/颜色表达喜好,买家咨询商品是什么颜色,0.011859866790473461,0.5747643709182739,0.5629045041278005,False
10982,116,我这个是专区买一送一,买家咨询赠品是否可以自选,116,60,买家咨询赠品是否可以自选,买家咨询活动规则,0.0030214700382202864,0.2647400200366974,0.2617185499984771,False
10984,114,今天我看不到发货我就退款，,买家咨询运费险赔付规则,114,46,买家咨询运费险赔付规则,买家要求取消退换货退款,0.001518746605142951,0.16416393220424652,0.16264518559910357,False
10985,78,我想请问裤子单号是多少,买家咨询商品的色差问题,78,61,买家咨询商品的色差问题,买家咨询快递单号,0.005900598596781492,0.3984353542327881,0.3925347556360066,False
10989,54,明白，谢谢,买家咨询发货时间,54,7,买家咨询发货时间,买家表示麻烦卖家，表达感谢,0.001515003852546215,0.46042850613594055,0.45891350228339434,False
10990,49,为什么不给我改地址呢,买家要求修改收件信息,49,16,买家要求修改收件信息,买家表示收件信息不需要修改了,0.20307135581970215,0.219931498169899,0.01686014235019684,False
10991,112,能不能送个勺子呀,买家咨询优惠券使用规则,112,86,买家咨询优惠券使用规则,买家咨询商品是否有赠品,0.006345225498080254,0.3003317713737488,0.2939865458756685,False
10993,108,收货时反248吗,买家咨询退款金额,108,57,买家咨询退款金额,买家咨询返现金额,0.0805826485157013,0.5712212324142456,0.4906385838985443,False
10994,33,那我拍了哈,买家发送结束语,33,25,买家发送结束语,买家表示已下单付款,0.003036847338080406,0.44468721747398376,0.44165037013590336,False
10995,49,您好我想修改地址,买家要求修改收件信息,49,16,买家要求修改收件信息,买家表示收件信息不需要修改了,0.2150818556547165,0.23290762305259705,0.017825767397880554,False
10997,2,双十一价格18.8再减店铺5元吗？,买家表达赞美/满意,2,60,买家表达赞美/满意,买家咨询活动规则,0.003350932849571109,0.1699943244457245,0.16664339159615338,False
10999,82,客服说话 /:>W<,买家咨询商品区别,82,30,买家咨询商品区别,买家催促回复,0.0027495098765939474,0.0950617715716362,0.09231226169504225,False
11000,60,拍两箱，发四箱吗,买家咨询活动规则,60,55,买家咨询活动规则,买家咨询发什么快递,0.04019241780042648,0.05148499831557274,0.011292580515146255,False
11001,1,什么服务态度这是,买家表达不满/生气,1,89,买家表达不满/生气,买家咨询商品质量是否有保障,0.006175971124321222,0.34163811802864075,0.3354621469043195,False
11003,81,这个衣柜可以开电子发票吗,买家咨询商品具体尺码尺寸,81,67,买家咨询商品具体尺码尺寸,买家咨询能否开发票及发票类型和寄送时间,0.0033872153144329786,0.4532850384712219,0.44989782315678895,False
11005,1,昨天打了投诉电话,买家表达不满/生气,1,103,买家表达不满/生气,买家咨询退换货地址,0.025431636720895767,0.04364412650465965,0.018212489783763885,False
11007,23,我昨天买了你家的这个，地址弄错了，想要重新拍一下,买家表示要重拍,23,49,买家表示要重拍,买家要求修改收件信息,0.023756790906190872,0.14180877804756165,0.11805198714137077,False
11008,97,替换邮政谁出？,买家咨询是否可以指定快递,97,105,买家咨询是否可以指定快递,买家咨询退换货运费由谁承担,0.02950720116496086,0.1745890974998474,0.14508189633488655,False
11009,23,一瓶多少毫升,买家表示要重拍,23,80,买家表示要重拍,买家咨询商品价格,0.0023226714693009853,0.11392483115196228,0.1116021596826613,False
11011,28,别的我也在看,买家表示再看看,28,15,买家表示再看看,买家表示是老顾客,0.04227593541145325,0.20743712782859802,0.16516119241714478,False
11012,78,亲，灰色有色差吗,买家咨询商品的色差问题,78,88,买家咨询商品的色差问题,买家咨询商品是什么颜色,0.16892123222351074,0.3640263080596924,0.19510507583618164,False
11013,78,这个裤子有色差呀,买家咨询商品的色差问题,78,88,买家咨询商品的色差问题,买家咨询商品是什么颜色,0.24838890135288239,0.30517148971557617,0.05678258836269379,False
11017,97,别忘了，中通快递呦,买家咨询是否可以指定快递,97,106,买家咨询是否可以指定快递,买家咨询退换货支持快递,0.24813029170036316,0.31652092933654785,0.06839063763618469,False
11020,29,318的能优惠些吗？,买家催促发货,29,62,买家催促发货,买家咨询买多件能否优惠,0.0007065622485242784,0.35578465461730957,0.3550780923687853,False
11021,17,麻烦尽早发货 谢谢,买家表示送人的,17,29,买家表示送人的,买家催促发货,0.0006194195593707263,0.3827076554298401,0.38208823587046936,False
11026,117,可以帮我发邮政快递吗？,买家咨询自己的旺旺昵称,117,97,买家咨询自己的旺旺昵称,买家咨询是否可以指定快递,0.010959762148559093,0.3110727071762085,0.3001129450276494,False
11027,10,就是产地是哪的？？？,买家表示伤心难过,10,76,买家表示伤心难过,买家咨询商品产地,0.0034343532752245665,0.5927435755729675,0.589309222297743,False
11029,47,通过一下呗,买家要求添加商家微信,47,84,买家要求添加商家微信,买家咨询商品是不是预售款,0.009757757186889648,0.06825608760118484,0.0584983304142952,False
11032,43,你好，想问一下这个衣服价格是上涨了吗？,买家要求改商品信息,43,0,买家要求改商品信息,买家抱怨商品涨价了,0.0010593862971290946,0.5177915692329407,0.5167321829358116,False
11036,31,有礼盒吗,买家打招呼,31,75,买家打招呼,买家咨询商品包装,0.0014108896721154451,0.4873431324958801,0.4859322428237647,False
11045,4,有店铺微信吗,买家表示地址正确,4,47,买家表示地址正确,买家要求添加商家微信,0.0014614430256187916,0.4987081289291382,0.4972466859035194,False
11046,72,帽子颜色会有色差吗,买家咨询如何下单,72,78,买家咨询如何下单,买家咨询商品的色差问题,0.001681575202383101,0.25951993465423584,0.25783835945185274,False
11049,57,收货还能退5元吗,买家咨询返现金额,57,108,买家咨询返现金额,买家咨询退款金额,0.04776458442211151,0.6300823092460632,0.5823177248239517,False
11061,60,我拍的两件参加活动的吧？,买家咨询活动规则,60,99,买家咨询活动规则,买家咨询是否有活动,0.015579610131680965,0.10663634538650513,0.09105673525482416,False
11064,115,晕，昨晚睡着了，今天还有活动吗,买家咨询赠品何时发货,115,99,买家咨询赠品何时发货,买家咨询是否有活动,0.00898980163037777,0.30298250913619995,0.2939927075058222,False
11066,69,去年买了好几条很好穿,买家咨询偏远地区是否发货,69,2,买家咨询偏远地区是否发货,买家表达赞美/满意,0.003761452855542302,0.5991031527519226,0.5953416998963803,False
11068,60,满减活动,买家咨询活动规则,60,99,买家咨询活动规则,买家咨询是否有活动,0.10926923900842667,0.3411003351211548,0.23183109611272812,False
11069,16,你好，如果地址没改的话就不要改了。,买家表示收件信息不需要修改了,16,37,买家表示收件信息不需要修改了,买家确认地址是否修改成功,0.20009316504001617,0.2348427176475525,0.034749552607536316,False
11071,60,要事双12的话553-15呗,买家咨询活动规则,60,53,买家咨询活动规则,买家咨询到货时间,0.014625756070017815,0.08734697103500366,0.07272121496498585,False
11073,102,好了收到了,买家咨询是否有味道,102,24,买家咨询是否有味道,买家表示已经收到货了,0.0025517584290355444,0.38157129287719727,0.3790195344481617,False
11077,99,意思是没有优惠了是吗,买家咨询是否有活动,99,62,买家咨询是否有活动,买家咨询买多件能否优惠,0.22390760481357574,0.26542624831199646,0.041518643498420715,False
11082,84,我买了两条噢,买家咨询商品是不是预售款,84,15,买家咨询商品是不是预售款,买家表示是老顾客,0.0022540029603987932,0.5436132550239563,0.5413592520635575,False
11083,106,多买几件可以少一点吗？,买家咨询退换货支持快递,106,92,买家咨询退换货支持快递,买家咨询是否可以打折,0.002806661883369088,0.08253172785043716,0.07972506596706808,False
11084,29,那不退了，不退了。,买家催促发货,29,46,买家催促发货,买家要求取消退换货退款,0.018399054184556007,0.5376216769218445,0.5192226227372885,False
11085,105,直接换可以有邮费退吗？,买家咨询退换货运费由谁承担,105,48,买家咨询退换货运费由谁承担,买家要求退运费,0.19240835309028625,0.3001379072666168,0.10772955417633057,False
11088,43,都没动过昨天才到的货,买家要求改商品信息,43,15,买家要求改商品信息,买家表示是老顾客,0.01659107208251953,0.11189419776201248,0.09530312567949295,False
11092,53,合肥一天就到了吧,买家咨询到货时间,53,24,买家咨询到货时间,买家表示已经收到货了,0.09403611719608307,0.09536528587341309,0.001329168677330017,False
11097,105,运费险是换货你们承担运费吗,买家咨询退换货运费由谁承担,105,114,买家咨询退换货运费由谁承担,买家咨询运费险赔付规则,0.13896721601486206,0.42386749386787415,0.2849002778530121,False
11104,25,反光的，你要我怎么拍,买家表示已下单付款,25,72,买家表示已下单付款,买家咨询如何下单,0.02004077099263668,0.2876691520214081,0.2676283810287714,False
11107,68,好吧，是不是可以写名字？,买家咨询能否提前享受优惠,68,65,买家咨询能否提前享受优惠,买家咨询能否定制,0.005435383878648281,0.45483487844467163,0.44939949456602335,False
11110,54,有一箱是买一送一吗,买家咨询发货时间,54,60,买家咨询发货时间,买家咨询活动规则,0.0017748982645571232,0.227901890873909,0.22612699260935187,False
11113,21,满58是不是优惠3块？,买家表示先买来试试,21,62,买家表示先买来试试,买家咨询买多件能否优惠,0.005486659239977598,0.3246978521347046,0.319211192894727,False
11115,70,我的签收啦，买一送一的钱怎么返回来呢？,买家咨询如何加入会员,70,60,买家咨询如何加入会员,买家咨询活动规则,0.0029771137051284313,0.08854616433382034,0.08556905062869191,False
11116,106,掌柜，有什么快递,买家咨询退换货支持快递,106,55,买家咨询退换货支持快递,买家咨询发什么快递,0.0391463004052639,0.400453120470047,0.3613068200647831,False
11118,94,这个卫衣不太喜欢,买家咨询是否可以改价,94,3,买家咨询是否可以改价,买家表示不想要了,0.003351052524521947,0.14939741790294647,0.14604636537842453,False
11121,74,广州市白云区竹三富民一街一巷一号,买家咨询商家是否收到寄回的商品,74,49,买家咨询商家是否收到寄回的商品,买家要求修改收件信息,0.001398154185153544,0.289147287607193,0.28774913342203945,False
11122,14,改成白色，谢谢！,买家表示稍等,14,43,买家表示稍等,买家要求改商品信息,0.006226354278624058,0.26707422733306885,0.2608478730544448,False
11124,77,那我重新拍两条吧,买家咨询商品的材质/面料,77,23,买家咨询商品的材质/面料,买家表示要重拍,0.0016876987647265196,0.5952225923538208,0.5935348935890943,False
11126,49,亲，你好，地址写错了，能改一下吗？,买家要求修改收件信息,49,37,买家要求修改收件信息,买家确认地址是否修改成功,0.12407006323337555,0.21989387273788452,0.09582380950450897,False
11130,106,我要去寄件了，怎么用运费险,买家咨询退换货支持快递,106,114,买家咨询退换货支持快递,买家咨询运费险赔付规则,0.0034683248959481716,0.7095373868942261,0.7060690619982779,False
11138,43,就不能改下吗,买家要求改商品信息,43,94,买家要求改商品信息,买家咨询是否可以改价,0.11030568927526474,0.3495984971523285,0.23929280787706375,False
11139,31,'亲,买家打招呼,31,15,买家打招呼,买家表示是老顾客,0.011932185851037502,0.19372491538524628,0.18179272953420877,False
11140,49,收件人电话帮我改一下,买家要求修改收件信息,49,43,买家要求修改收件信息,买家要求改商品信息,0.11605506390333176,0.17007580399513245,0.05402074009180069,False
11141,100,我看到首页有晒截图活动,买家咨询是否有买家秀,100,98,买家咨询是否有买家秀,买家咨询是否有好评返现,0.005744797643274069,0.1695704460144043,0.16382564837113023,False
11142,25,买三袋也是送一袋呗,买家表示已下单付款,25,86,买家表示已下单付款,买家咨询商品是否有赠品,0.004546636249870062,0.12743666768074036,0.1228900314308703,False
11144,20,12号买便宜5元,买家表示物流太慢了,20,62,买家表示物流太慢了,买家咨询买多件能否优惠,0.002932072849944234,0.3547782897949219,0.35184621694497764,False
11146,111,刚刚快递员跟我联系了,买家咨询物流信息,111,5,买家咨询物流信息,买家表示好的,0.012079309672117233,0.10450297594070435,0.09242366626858711,False
11148,40,你好有混搭的吗？,买家需要商品推荐,40,78,买家需要商品推荐,买家咨询商品的色差问题,0.02104021981358528,0.1312815546989441,0.11024133488535881,False
11150,60,这件参加半价活动吗,买家咨询活动规则,60,99,买家咨询活动规则,买家咨询是否有活动,0.04761771485209465,0.23254825174808502,0.18493053689599037,False
11153,6,问一下，有没有电子发票,买家表示具体时间寄回去,6,67,买家表示具体时间寄回去,买家咨询能否开发票及发票类型和寄送时间,0.002422390040010214,0.30515316128730774,0.3027307712472975,False
11154,99,亲  我这里是双11秒单裙，大量买家裙内秒单，另赠送关注收藏，进裙直接发宝贝链接管理会统一组织处理，每场团购活动能给您带来500以上的收益，详情＋我团购ΩΩ裙：770586191,买家咨询是否有活动,99,60,买家咨询是否有活动,买家咨询活动规则,0.0942743644118309,0.10014138370752335,0.005867019295692444,False
11157,30,我的问题处理了没有,买家催促回复,30,22,买家催促回复,买家表示需要退货退款,0.013133450411260128,0.12273190915584564,0.10959845874458551,False
11159,40,那还有没有混合装的？,买家需要商品推荐,40,36,买家需要商品推荐,买家反馈收到的商品有问题,0.06621018797159195,0.06928765028715134,0.003077462315559387,False
11165,105,你这边是到付吧,买家咨询退换货运费由谁承担,105,64,买家咨询退换货运费由谁承担,买家咨询能否到付,0.0011256702709943056,0.7681615352630615,0.7670358649920672,False
11166,52,亲，质保几个月？,买家咨询补货/上货时间,52,87,买家咨询补货/上货时间,买家咨询商品是否有质保，质保多久,0.001535120070911944,0.661415696144104,0.6598805760731921,False
11168,12,你那个一箱大概有多少,买家表示商家发错货了,12,79,买家表示商家发错货了,买家咨询商品规格数量,0.000971063447650522,0.30619126558303833,0.3052202021353878,False
11169,111,这都几天了，物流动都不动,买家咨询物流信息,111,20,买家咨询物流信息,买家表示物流太慢了,0.10908010601997375,0.34041720628738403,0.23133710026741028,False
11173,69,我买过你家好几件了,买家咨询偏远地区是否发货,69,15,买家咨询偏远地区是否发货,买家表示是老顾客,0.0014124760637059808,0.6521831750869751,0.6507706990232691,False
11176,49,收货地址怎么改不了呢,买家要求修改收件信息,49,37,买家要求修改收件信息,买家确认地址是否修改成功,0.13010376691818237,0.25665172934532166,0.12654796242713928,False
11177,29,安徽宿州几天到,买家催促发货,29,53,买家催促发货,买家咨询到货时间,0.00149450427852571,0.6326985955238342,0.6312040912453085,False
11179,77,上次说可以按双11的价格,买家咨询商品的材质/面料,77,80,买家咨询商品的材质/面料,买家咨询商品价格,0.0007343240431509912,0.22938832640647888,0.2286540023633279,False
11180,21,这个8.9元的怎么拍,买家表示先买来试试,21,72,买家表示先买来试试,买家咨询如何下单,0.0067964475601911545,0.41521674394607544,0.4084202963858843,False
11183,22,那好…就退了,买家表示需要退货退款,22,46,买家表示需要退货退款,买家要求取消退换货退款,0.08043084293603897,0.2631118595600128,0.18268101662397385,False
11184,39,抱歉抱歉  最近实在太忙了  我现在就去好评吧,买家向商家表达不好意思,39,98,买家向商家表达不好意思,买家咨询是否有好评返现,0.008551271632313728,0.45072922110557556,0.44217794947326183,False
11187,104,退货包邮吗不满意,买家咨询退换货规则,104,105,买家咨询退换货规则,买家咨询退换货运费由谁承担,0.015355992130935192,0.21994414925575256,0.20458815712481737,False
11188,89,那是什么原因,买家咨询商品质量是否有保障,89,107,买家咨询商品质量是否有保障,买家咨询退货退款原因选什么,0.0052878293208777905,0.1461295485496521,0.1408417192287743,False
11189,97,那就中通吧,买家咨询是否可以指定快递,97,106,买家咨询是否可以指定快递,买家咨询退换货支持快递,0.1778404265642166,0.4523926377296448,0.27455221116542816,False
11191,35,还是几箱,买家发送支付宝账号,35,79,买家发送支付宝账号,买家咨询商品规格数量,0.01157838199287653,0.30028036236763,0.2887019803747535,False
11192,74,亲？裤子已经寄出去了？,买家咨询商家是否收到寄回的商品,74,13,买家咨询商家是否收到寄回的商品,买家表示商品已经寄回去了,0.10369333624839783,0.4300088882446289,0.3263155519962311,False
11205,97,发这两个快递  我这里收不到,买家咨询是否可以指定快递,97,55,买家咨询是否可以指定快递,买家咨询发什么快递,0.07239872962236404,0.11914880573749542,0.04675007611513138,False
11209,99,一定要双11购买才优惠吗？,买家咨询是否有活动,99,62,买家咨询是否有活动,买家咨询买多件能否优惠,0.17686304450035095,0.3051309585571289,0.12826791405677795,False
11210,79,这是一袋装20个还是两袋,买家咨询商品规格数量,79,75,买家咨询商品规格数量,买家咨询商品包装,0.12007533013820648,0.18424002826213837,0.06416469812393188,False
11211,90,一盒六个吗？一盒是多少克呢,买家咨询商品重量,90,75,买家咨询商品重量,买家咨询商品包装,0.056366849690675735,0.18239270150661469,0.12602585181593895,False
11212,5,哎哟不错哦,买家表示好的,5,2,买家表示好的,买家表达赞美/满意,0.05959613621234894,0.3868884742259979,0.327292338013649,False
11213,21,你好，东西你收到了么,买家表示先买来试试,21,74,买家表示先买来试试,买家咨询商家是否收到寄回的商品,0.0035148002207279205,0.48428165912628174,0.4807668589055538,False
11215,60,我买的400克的,买家咨询活动规则,60,15,买家咨询活动规则,买家表示是老顾客,0.029941929504275322,0.07761092483997345,0.04766899533569813,False
11216,22,好的，明天不能发的话我就退了哈,买家表示需要退货退款,22,29,买家表示需要退货退款,买家催促发货,0.026261858642101288,0.24777072668075562,0.22150886803865433,False
11217,6,我现在都没时间去寄快递,买家表示具体时间寄回去,6,20,买家表示具体时间寄回去,买家表示物流太慢了,0.010783473029732704,0.30374523997306824,0.29296176694333553,False
11219,77,买两盒送一盒是吗？,买家咨询商品的材质/面料,77,60,买家咨询商品的材质/面料,买家咨询活动规则,0.002392432652413845,0.10263312608003616,0.10024069342762232,False
11222,18,送的T恤没有吊牌也可以换货的吧,买家表示无法申请退款,18,104,买家表示无法申请退款,买家咨询退换货规则,0.0014155652606859803,0.5327650308609009,0.5313494656002149,False
11229,60,你好这个参加买三减一么,买家咨询活动规则,60,14,买家咨询活动规则,买家表示稍等,0.03296066075563431,0.09089071303606033,0.057930052280426025,False
11230,67,我是领了优惠券买。到时候还有优惠券。,买家咨询能否开发票及发票类型和寄送时间,67,71,买家咨询能否开发票及发票类型和寄送时间,买家咨询如何领取优惠券,0.006239842623472214,0.4711248576641083,0.46488501504063606,False
11232,47,发过来的时候给运单号给我,买家要求添加商家微信,47,61,买家要求添加商家微信,买家咨询快递单号,0.0028561954386532307,0.6758725643157959,0.6730163688771427,False
11233,34,就是已经买了,买家发送开票信息,34,25,买家发送开票信息,买家表示已下单付款,0.0019992536399513483,0.6053891777992249,0.6033899241592735,False
11234,92,现在没有半价吗,买家咨询是否可以打折,92,60,买家咨询是否可以打折,买家咨询活动规则,0.027114616706967354,0.16836774349212646,0.1412531267851591,False
11239,74,你们没收到吗？？？？？,买家咨询商家是否收到寄回的商品,74,110,买家咨询商家是否收到寄回的商品,买家咨询退款时间,0.08539585769176483,0.29781532287597656,0.21241946518421173,False
11240,115,退换货是自理运费吗,买家咨询赠品何时发货,115,105,买家咨询赠品何时发货,买家咨询退换货运费由谁承担,0.004494846798479557,0.523293137550354,0.5187982907518744,False
11241,61,59.9元跟64.9元的有啥区别吗,买家咨询快递单号,61,82,买家咨询快递单号,买家咨询商品区别,0.0045647891238331795,0.29670199751853943,0.29213720839470625,False
11248,32,可是我心里好难受,买家对特定款式/颜色表达喜好,32,10,买家对特定款式/颜色表达喜好,买家表示伤心难过,0.004431311506778002,0.5067304372787476,0.5022991257719696,False
11250,15,同时买了两条,买家表示是老顾客,15,25,买家表示是老顾客,买家表示已下单付款,0.25545844435691833,0.3400137424468994,0.08455529808998108,False
11251,64,不能合并付款并改价吗,买家咨询能否到付,64,94,买家咨询能否到付,买家咨询是否可以改价,0.003204095410183072,0.664594829082489,0.6613907336723059,False
11253,60,你好，现在拍下能按双十二的价格吗？,买家咨询活动规则,60,80,买家咨询活动规则,买家咨询商品价格,0.07885411381721497,0.242944598197937,0.16409048438072205,False
11254,110,我寄申通可以吗？,买家咨询退款时间,110,106,买家咨询退款时间,买家咨询退换货支持快递,0.0023029958829283714,0.5134889483451843,0.511185952462256,False
11258,97,可以选中通嘛,买家咨询是否可以指定快递,97,106,买家咨询是否可以指定快递,买家咨询退换货支持快递,0.03303046524524689,0.04276222735643387,0.009731762111186981,False
11263,82,中通快递可以,买家咨询商品区别,82,106,买家咨询商品区别,买家咨询退换货支持快递,0.0009354099165648222,0.3622620701789856,0.3613266602624208,False
11269,37,能给我的名字改了吗？,买家确认地址是否修改成功,37,43,买家确认地址是否修改成功,买家要求改商品信息,0.13499672710895538,0.24401314556598663,0.10901641845703125,False
11271,15,昨晚下的单符合买三免一的活动吗？,买家表示是老顾客,15,60,买家表示是老顾客,买家咨询活动规则,0.003779463702812791,0.25442004203796387,0.2506405783351511,False
11274,103,这个是买二发3,买家咨询退换货地址,103,60,买家咨询退换货地址,买家咨询活动规则,0.005768672097474337,0.2560986280441284,0.2503299559466541,False
11276,9,买三免一的活动是全场衣服都可以吗,买家表示拍错了,9,60,买家表示拍错了,买家咨询活动规则,0.0031382546294480562,0.3085065186023712,0.30536826397292316,False
11277,48,你好，牛仔裤怎么有股怪味,买家要求退运费,48,102,买家要求退运费,买家咨询是否有味道,0.0007772471290081739,0.6587085723876953,0.6579313252586871,False
11278,75,还好评，你想多了。退就算了，又没有多少钱，差评，投诉,买家咨询商品包装,75,98,买家咨询商品包装,买家咨询是否有好评返现,0.003736661747097969,0.3114539682865143,0.3077173065394163,False
11279,22,今天下午不发，我会退款,买家表示需要退货退款,22,29,买家表示需要退货退款,买家催促发货,0.04097035527229309,0.1808948814868927,0.1399245262145996,False
11290,49,可以帮忙修改一下手机号码吗,买家要求修改收件信息,49,43,买家要求修改收件信息,买家要求改商品信息,0.17153725028038025,0.17700056731700897,0.005463317036628723,False
11292,104,拍两条加长版怎么拍不了,买家咨询退换货规则,104,19,买家咨询退换货规则,买家表示无法下单,0.0033115840051323175,0.3429708182811737,0.3396592342760414,False
11294,2,八块啊，到付吗,买家表达赞美/满意,2,64,买家表达赞美/满意,买家咨询能否到付,0.001393201295286417,0.7607557773590088,0.7593625760637224,False
11296,113,邮费15吗？,买家咨询运费金额,113,105,买家咨询运费金额,买家咨询退换货运费由谁承担,0.1739756315946579,0.2196008414030075,0.04562520980834961,False
11308,34,从杭州发货的吗？,买家发送开票信息,34,73,买家发送开票信息,买家咨询商家发货地,0.005526731722056866,0.44887641072273254,0.4433496790006757,False
11309,2,我试试呢,买家表达赞美/满意,2,21,买家表达赞美/满意,买家表示先买来试试,0.001928788609802723,0.5872341990470886,0.5853054104372859,False
11310,6,嗯  我刚才在菜鸟驿站已经拒签了 估计晚上会发走,买家表示具体时间寄回去,6,95,买家表示具体时间寄回去,买家咨询是否可以拒收,0.008495474234223366,0.09334440529346466,0.0848489310592413,False
11317,98,满400减50怎么说,买家咨询是否有好评返现,98,60,买家咨询是否有好评返现,买家咨询活动规则,0.00492591829970479,0.22608141601085663,0.22115549771115184,False
11318,49,亲亲 之前的地址填的不对,买家要求修改收件信息,49,4,买家要求修改收件信息,买家表示地址正确,0.07753217965364456,0.18682247400283813,0.10929029434919357,False
11319,61,快点发吧，我2号要出差,买家咨询快递单号,61,29,买家咨询快递单号,买家催促发货,0.003604558063670993,0.5324895977973938,0.5288850397337228,False
11320,79,9元有多少啊,买家咨询商品规格数量,79,80,买家咨询商品规格数量,买家咨询商品价格,0.1595669537782669,0.30824917554855347,0.14868222177028656,False
11322,51,我买的东西怎么就到了,买家要求延长收货时间,51,53,买家要求延长收货时间,买家咨询到货时间,0.008331778459250927,0.23529428243637085,0.22696250397711992,False
11325,65,没有刺鼻的味道吧？,买家咨询能否定制,65,102,买家咨询能否定制,买家咨询是否有味道,0.001444492838345468,0.7063696384429932,0.7049251456046477,False
11327,78,也没有色差对吧？,买家咨询商品的色差问题,78,88,买家咨询商品的色差问题,买家咨询商品是什么颜色,0.2447742223739624,0.2819533944129944,0.03717917203903198,False
11338,56,有邮政啊,买家咨询返现方式,56,97,买家咨询返现方式,买家咨询是否可以指定快递,0.010425033047795296,0.25656968355178833,0.24614465050399303,False
11339,60,到付不行,买家咨询活动规则,60,64,买家咨询活动规则,买家咨询能否到付,0.001469699782319367,0.7493447065353394,0.74787500675302,False
11344,18,双十一的我拍的东西都到了，怎么还没有发货呢,买家表示无法申请退款,18,29,买家表示无法申请退款,买家催促发货,0.007760259322822094,0.3716679811477661,0.363907721824944,False
11345,8,我们以后会常来回购的/:^_^,买家表示马上下单付款,8,15,买家表示马上下单付款,买家表示是老顾客,0.01672675833106041,0.168206125497818,0.15147936716675758,False
11346,10,我换的货快递单号多少啊,买家表示伤心难过,10,61,买家表示伤心难过,买家咨询快递单号,0.004394421353936195,0.24511414766311646,0.24071972630918026,False
11352,99,那个双十一会更便宜吗,买家咨询是否有活动,99,62,买家咨询是否有活动,买家咨询买多件能否优惠,0.13510173559188843,0.1509823352098465,0.01588059961795807,False
11354,73,这个没有打五折吧，是买两件第二件半价吧,买家咨询商家发货地,73,92,买家咨询商家发货地,买家咨询是否可以打折,0.002036875346675515,0.44064489006996155,0.43860801472328603,False
11355,37,谢谢了，麻烦了,买家确认地址是否修改成功,37,7,买家确认地址是否修改成功,买家表示麻烦卖家，表达感谢,0.0013436565641313791,0.5227090120315552,0.5213653554674238,False
11356,87,那不合适，退换货运费是怎么样算呢,买家咨询商品是否有质保，质保多久,87,113,买家咨询商品是否有质保，质保多久,买家咨询运费金额,0.0020924448035657406,0.3641221523284912,0.36202970752492547,False
11359,56,只送收纳箱吗？,买家咨询返现方式,56,75,买家咨询返现方式,买家咨询商品包装,0.0022853142581880093,0.3576485514640808,0.3553632372058928,False
11361,101,那我拍的改成M可以吗,买家咨询是否有实体店,101,43,买家咨询是否有实体店,买家要求改商品信息,0.006407717242836952,0.4851152002811432,0.47870748303830624,False
11362,92,口红是买一送一的吗？,买家咨询是否可以打折,92,60,买家咨询是否可以打折,买家咨询活动规则,0.008058874867856503,0.2465139627456665,0.23845508787781,False
11365,45,你在帮我核对下看有没有拍错颜色跟尺码,买家要求核对订单信息,45,12,买家要求核对订单信息,买家表示商家发错货了,0.0340270958840847,0.1352626234292984,0.1012355275452137,False
11366,86,我的订单怎么没改地址呢,买家咨询商品是否有赠品,86,37,买家咨询商品是否有赠品,买家确认地址是否修改成功,0.0004802383773494512,0.22437641024589539,0.22389617186854593,False
11370,20,包裹还没揽收呢？,买家表示物流太慢了,20,24,买家表示物流太慢了,买家表示已经收到货了,0.029708027839660645,0.11745284497737885,0.0877448171377182,False
11371,31,亲？,买家打招呼,31,5,买家打招呼,买家表示好的,0.0638958290219307,0.21362200379371643,0.14972617477178574,False
11375,90,我想问下你们发什么快递,买家咨询商品重量,90,55,买家咨询商品重量,买家咨询发什么快递,0.00062412372790277,0.3811779022216797,0.3805537784937769,False
11376,23,不是说买第二件可以优惠20吗,买家表示要重拍,23,62,买家表示要重拍,买家咨询买多件能否优惠,0.0014560031704604626,0.4134614169597626,0.4120054137893021,False
11378,14,第二罐是3.5元吗,买家表示稍等,14,80,买家表示稍等,买家咨询商品价格,0.002140376716852188,0.4074901342391968,0.4053497575223446,False
11382,35,15258840010，金瑜璐，2个支付宝都可以,买家发送支付宝账号,35,56,买家发送支付宝账号,买家咨询返现方式,0.10134392976760864,0.1704120934009552,0.06906816363334656,False
11385,105,什么时候能发货？,买家咨询退换货运费由谁承担,105,54,买家咨询退换货运费由谁承担,买家咨询发货时间,0.0019410125678405166,0.49416062235832214,0.4922196097904816,False
11386,55,都是你们的货，完全可以一起发货啊,买家咨询发什么快递,55,66,买家咨询发什么快递,买家咨询能否分开/一起发货,0.0032411329448223114,0.531001091003418,0.5277599580585957,False
11388,32,帮我换一下姓名手机号地址吧。姓名是正文。手机号是18790635916。 地址是河南省郑州市惠济区杨,买家对特定款式/颜色表达喜好,32,49,买家对特定款式/颜色表达喜好,买家要求修改收件信息,0.002652996452525258,0.1902894675731659,0.18763647112064064,False
11395,99,单品有优惠吗,买家咨询是否有活动,99,62,买家咨询是否有活动,买家咨询买多件能否优惠,0.2420548051595688,0.27175867557525635,0.02970387041568756,False
11396,49,你好，我改的地址发货了么？,买家要求修改收件信息,49,37,买家要求修改收件信息,买家确认地址是否修改成功,0.16469848155975342,0.24769601225852966,0.08299753069877625,False
11397,30,那您怎么不说啊啊,买家催促回复,30,5,买家催促回复,买家表示好的,0.11205905675888062,0.14492598176002502,0.03286692500114441,False
11398,49,我的收获地址改一下,买家要求修改收件信息,49,37,买家要求修改收件信息,买家确认地址是否修改成功,0.13754162192344666,0.2471562623977661,0.10961464047431946,False
11399,86,79和88的有什么区别,买家咨询商品是否有赠品,86,82,买家咨询商品是否有赠品,买家咨询商品区别,0.0025343913584947586,0.32098373770713806,0.3184493463486433,False
11401,37,改好地址？,买家确认地址是否修改成功,37,49,买家确认地址是否修改成功,买家要求修改收件信息,0.1975521594285965,0.21567374467849731,0.018121585249900818,False
11407,60,我的天好贵呀,买家咨询活动规则,60,0,买家咨询活动规则,买家抱怨商品涨价了,0.008888008072972298,0.5725666880607605,0.5636786799877882,False
11410,8,等我下新单,买家表示马上下单付款,8,15,买家表示马上下单付款,买家表示是老顾客,0.11198955029249191,0.1474057137966156,0.03541616350412369,False
11411,29,那我先买一本做做看吧，我这个月就考试了，希望快递能够快点,买家催促发货,29,20,买家催促发货,买家表示物流太慢了,0.030750801786780357,0.13146941363811493,0.10071861185133457,False
11419,111,要不不退款了，更新一下物流啊,买家咨询物流信息,111,20,买家咨询物流信息,买家表示物流太慢了,0.11077189445495605,0.11663541942834854,0.005863524973392487,False
11420,91,能保证质量料子不错呢,买家咨询什么颜色好看,91,89,买家咨询什么颜色好看,买家咨询商品质量是否有保障,0.0027942636515945196,0.5441960692405701,0.5414018055889755,False
11425,63,我这边显示你们同意退货了,买家咨询哪款更好,63,22,买家咨询哪款更好,买家表示需要退货退款,0.0050537497736513615,0.2955840826034546,0.29053033282980323,False
11430,86,买二送一，送的是同款吗,买家咨询商品是否有赠品,86,60,买家咨询商品是否有赠品,买家咨询活动规则,0.10241162776947021,0.21825629472732544,0.11584466695785522,False
11432,18,但我这边退不了,买家表示无法申请退款,18,108,买家表示无法申请退款,买家咨询退款金额,0.015475158579647541,0.08104122430086136,0.06556606572121382,False
11438,38,你这里可以改接收人手机号吗？我手机号输错了,买家讨价还价,38,43,买家讨价还价,买家要求改商品信息,0.002158078132197261,0.1885298788547516,0.18637180072255433,False
11440,81,买二送一是同一种吗,买家咨询商品具体尺码尺寸,81,60,买家咨询商品具体尺码尺寸,买家咨询活动规则,0.007523989770561457,0.23976674675941467,0.23224275698885322,False
11444,97,会发中通快递吗,买家咨询是否可以指定快递,97,106,买家咨询是否可以指定快递,买家咨询退换货支持快递,0.2670752704143524,0.33222267031669617,0.06514739990234375,False
11445,105,你好，换货的快递费，怎么搞呢,买家咨询退换货运费由谁承担,105,44,买家咨询退换货运费由谁承担,买家要求改运费,0.1483621746301651,0.1940324902534485,0.045670315623283386,False
11448,32,好像还是喜欢这款，素,买家对特定款式/颜色表达喜好,32,2,买家对特定款式/颜色表达喜好,买家表达赞美/满意,0.11150502413511276,0.19583365321159363,0.08432862907648087,False
11449,60,你好！买一送一怎么送？,买家咨询活动规则,60,86,买家咨询活动规则,买家咨询商品是否有赠品,0.18277306854724884,0.1885228008031845,0.005749732255935669,False
11451,76,这还不说话了呢？,买家咨询商品产地,76,30,买家咨询商品产地,买家催促回复,0.0037159945350140333,0.22911643981933594,0.2254004452843219,False
11458,36,你眼睛咋怎么会看，漏气都能被你看成冲起不足，不用忽悠我,买家反馈收到的商品有问题,36,1,买家反馈收到的商品有问题,买家表达不满/生气,0.2092743068933487,0.28794050216674805,0.07866619527339935,False
11459,106,85的不是预售？,买家咨询退换货支持快递,106,84,买家咨询退换货支持快递,买家咨询商品是不是预售款,0.0014679708983749151,0.7370595335960388,0.7355915626976639,False
11461,17,不是我自己寄的 我没有,买家表示送人的,17,6,买家表示送人的,买家表示具体时间寄回去,0.006033146753907204,0.1412569284439087,0.1352237816900015,False
11463,88,请问是买300g送300g，一共发600g的嘛？,买家咨询商品是什么颜色,88,60,买家咨询商品是什么颜色,买家咨询活动规则,0.0020368408877402544,0.1494215577840805,0.14738471689634025,False
11464,37,不是走的顺风吗？,买家确认地址是否修改成功,37,93,买家确认地址是否修改成功,买家咨询是否可以发顺丰,0.0017679480370134115,0.7129569053649902,0.7111889573279768,False
11465,54,我有申请退两件的呢,买家咨询发货时间,54,22,买家咨询发货时间,买家表示需要退货退款,0.0025000902824103832,0.3722701668739319,0.3697700765915215,False
11466,79,这款208克是多少块,买家咨询商品规格数量,79,80,买家咨询商品规格数量,买家咨询商品价格,0.05735483765602112,0.41537103056907654,0.3580161929130554,False
11468,6,我拍四份，是多少个,买家表示具体时间寄回去,6,79,买家表示具体时间寄回去,买家咨询商品规格数量,0.0020831988658756018,0.4227968752384186,0.420713676372543,False
11474,41,你家的睡衣都很好看,买家要求补偿,41,2,买家要求补偿,买家表达赞美/满意,0.002027713693678379,0.682304322719574,0.6802766090258956,False
11478,60,现在可以享受11活动吗？,买家咨询活动规则,60,99,买家咨询活动规则,买家咨询是否有活动,0.0497342124581337,0.33072516322135925,0.28099095076322556,False
11480,97,我们这边百世快递关门了收不到,买家咨询是否可以指定快递,97,20,买家咨询是否可以指定快递,买家表示物流太慢了,0.05501125752925873,0.15986505150794983,0.1048537939786911,False
11481,9,我也喜欢穿宽松一点的,买家表示拍错了,9,32,买家表示拍错了,买家对特定款式/颜色表达喜好,0.004669215064495802,0.38651347160339355,0.38184425653889775,False
11483,7,迷彩是黑色的吗？,买家表示麻烦卖家，表达感谢,7,88,买家表示麻烦卖家，表达感谢,买家咨询商品是什么颜色,0.006440979894250631,0.5019726753234863,0.4955316954292357,False
11484,55,亲发什么快递新疆,买家咨询发什么快递,55,69,买家咨询发什么快递,买家咨询偏远地区是否发货,0.06730813533067703,0.07633556425571442,0.009027428925037384,False
11487,74,我两件帮我把邮费改掉吧,买家咨询商家是否收到寄回的商品,74,44,买家咨询商家是否收到寄回的商品,买家要求改运费,0.0034019749145954847,0.33987370133399963,0.33647172641940415,False
11489,4,你要退我5元钱吗,买家表示地址正确,4,108,买家表示地址正确,买家咨询退款金额,0.001133279874920845,0.6121343970298767,0.6110011171549559,False
11491,100,你们怎么涨价了,买家咨询是否有买家秀,100,0,买家咨询是否有买家秀,买家抱怨商品涨价了,0.008266010321676731,0.5155045986175537,0.507238588295877,False
11501,23,帮忙发邮政好不,买家表示要重拍,23,97,买家表示要重拍,买家咨询是否可以指定快递,0.0007596698123961687,0.32453039288520813,0.32377072307281196,False
11502,86,咋返款4元了,买家咨询商品是否有赠品,86,108,买家咨询商品是否有赠品,买家咨询退款金额,0.003483756445348263,0.2637566328048706,0.26027287635952234,False
11503,52,首单返现吗,买家咨询补货/上货时间,52,58,买家咨询补货/上货时间,买家咨询返现时间,0.0033177274744957685,0.30045679211616516,0.2971390646416694,False
11506,42,地址改一下哦,买家要求发货检查,42,37,买家要求发货检查,买家确认地址是否修改成功,0.0016442592022940516,0.24188899993896484,0.2402447407366708,False
11508,52,什么时候出新款衬衫？,买家咨询补货/上货时间,52,83,买家咨询补货/上货时间,买家咨询商品上新时间,0.06693899631500244,0.3077540695667267,0.24081507325172424,False
11511,23,衣服还没换回来吗,买家表示要重拍,23,59,买家表示要重拍,买家咨询换货发货时间,0.0014713379787281156,0.5233502388000488,0.5218789008213207,False
11512,94,给家里人买的，结果她不喜欢，不好意思,买家咨询是否可以改价,94,39,买家咨询是否可以改价,买家向商家表达不好意思,0.0005895467475056648,0.45440465211868286,0.4538151053711772,False
11513,111,帮我催一下物流。好久没更新了,买家咨询物流信息,111,20,买家咨询物流信息,买家表示物流太慢了,0.07765863835811615,0.500015377998352,0.4223567396402359,False
11514,60,双十一有便宜一点吗,买家咨询活动规则,60,62,买家咨询活动规则,买家咨询买多件能否优惠,0.08193211257457733,0.24891388416290283,0.1669817715883255,False
11516,23,我直接退了  在拍可以吗？,买家表示要重拍,23,25,买家表示要重拍,买家表示已下单付款,0.04529523104429245,0.16963699460029602,0.12434176355600357,False
11526,31,没有客服的吗,买家打招呼,31,30,买家打招呼,买家催促回复,0.035776253789663315,0.17876175045967102,0.1429854966700077,False
11528,80,补钱吧,买家咨询商品价格,80,41,买家咨询商品价格,买家要求补偿,0.02266109734773636,0.37094393372535706,0.3482828363776207,False
11530,92,试了脚不满意,买家咨询是否可以打折,92,1,买家咨询是否可以打折,买家表达不满/生气,0.003217400284484029,0.2835691273212433,0.28035172703675926,False
11534,18,快递能不能发申通或者中通,买家表示无法申请退款,18,106,买家表示无法申请退款,买家咨询退换货支持快递,0.0063535431399941444,0.3917906880378723,0.38543714489787817,False
11536,63,哪个更好看啊。,买家咨询哪款更好,63,107,买家咨询哪款更好,买家咨询退货退款原因选什么,0.049156554043293,0.05210663378238678,0.0029500797390937805,False
11538,23,找不到人，我想退了重新拍件小的,买家表示要重拍,23,19,买家表示要重拍,买家表示无法下单,0.09791789203882217,0.10120359063148499,0.0032856985926628113,False
11547,16,好得  买回来试下,买家表示收件信息不需要修改了,16,21,买家表示收件信息不需要修改了,买家表示先买来试试,0.0013345183106139302,0.6417131423950195,0.6403786240844056,False
11548,60,马上双十一了可以便宜点吗,买家咨询活动规则,60,38,买家咨询活动规则,买家讨价还价,0.04921608790755272,0.23224423825740814,0.18302815034985542,False
11550,115,这款和上边的有区别吗？,买家咨询赠品何时发货,115,82,买家咨询赠品何时发货,买家咨询商品区别,0.0015528455842286348,0.3525911271572113,0.35103828157298267,False
11554,42,检查好质量包装好哦,买家要求发货检查,42,89,买家要求发货检查,买家咨询商品质量是否有保障,0.002499544294551015,0.27411705255508423,0.2716175082605332,False
11557,68,给我回个电话吧 等的太慢了,买家咨询能否提前享受优惠,68,20,买家咨询能否提前享受优惠,买家表示物流太慢了,0.005219205282628536,0.10791544616222382,0.10269624087959528,False
11558,49,我现在需要改一下收货地址,买家要求修改收件信息,49,37,买家要求修改收件信息,买家确认地址是否修改成功,0.19845518469810486,0.23850101232528687,0.04004582762718201,False
11566,13,那这还叫买一送一吗,买家表示商品已经寄回去了,13,60,买家表示商品已经寄回去了,买家咨询活动规则,0.00491094496101141,0.1682455688714981,0.1633346239104867,False
11568,17,现在可以按双十二价格买嘛 /:^_^,买家表示送人的,17,80,买家表示送人的,买家咨询商品价格,0.004971880465745926,0.12508386373519897,0.12011198326945305,False
11572,32,什么面料啊？皮的么,买家对特定款式/颜色表达喜好,32,77,买家对特定款式/颜色表达喜好,买家咨询商品的材质/面料,0.012592935934662819,0.5198943018913269,0.5073013659566641,False
11581,40,我的肠道很难蠕动,买家需要商品推荐,40,36,买家需要商品推荐,买家反馈收到的商品有问题,0.013144354335963726,0.07973817735910416,0.06659382302314043,False
11586,12,赶紧给我催一下快递！！,买家表示商家发错货了,12,20,买家表示商家发错货了,买家表示物流太慢了,0.0015811929479241371,0.46194666624069214,0.460365473292768,False
11588,87,我已收到退款，请问运费险怎么弄呢,买家咨询商品是否有质保，质保多久,87,114,买家咨询商品是否有质保，质保多久,买家咨询运费险赔付规则,0.005324078258126974,0.7398066520690918,0.7344825738109648,False
11596,1,去年双十一被骗过,买家表达不满/生气,1,15,买家表达不满/生气,买家表示是老顾客,0.05288699269294739,0.2150694578886032,0.16218246519565582,False
11598,3,亲，这款现在下单有双十二的折扣吗,买家表示不想要了,3,92,买家表示不想要了,买家咨询是否可以打折,0.002114910865202546,0.35305505990982056,0.350940149044618,False
11599,29,我修改地址改好了吗,买家催促发货,29,37,买家催促发货,买家确认地址是否修改成功,0.0029237447306513786,0.26255863904953003,0.25963489431887865,False
11607,43,有一件毛衣我刚拍的  还没发货呢  我能换一件别的吗,买家要求改商品信息,43,104,买家要求改商品信息,买家咨询退换货规则,0.02984701469540596,0.15964555740356445,0.1297985427081585,False
11613,106,有好评返吗,买家咨询退换货支持快递,106,98,买家咨询退换货支持快递,买家咨询是否有好评返现,0.0006079599843360484,0.6682444214820862,0.6676364614977501,False
11616,58,你好之前半价活动怎么返现呢,买家咨询返现时间,58,99,买家咨询返现时间,买家咨询是否有活动,0.08725542575120926,0.11408111453056335,0.026825688779354095,False
11620,109,提供支付宝吗,买家咨询退款去向,109,56,买家咨询退款去向,买家咨询返现方式,0.14422591030597687,0.41138455271720886,0.267158642411232,False
11627,81,请问快递单号多少,买家咨询商品具体尺码尺寸,81,61,买家咨询商品具体尺码尺寸,买家咨询快递单号,0.004446330014616251,0.2076919823884964,0.20324565237388015,False
11632,80,这个裤子8号多少钱？,买家咨询商品价格,80,113,买家咨询商品价格,买家咨询运费金额,0.1688569337129593,0.3829093873500824,0.2140524536371231,False
11633,95,我怕买来后得重新买,买家咨询是否可以拒收,95,23,买家咨询是否可以拒收,买家表示要重拍,0.005799941252917051,0.3722931444644928,0.36649320321157575,False
11634,60,这个买一送一是啥啊,买家咨询活动规则,60,86,买家咨询活动规则,买家咨询商品是否有赠品,0.05510507896542549,0.0778336450457573,0.022728566080331802,False
11643,3,我想暂时不买了,买家表示不想要了,3,8,买家表示不想要了,买家表示马上下单付款,0.07956574857234955,0.11390911787748337,0.03434336930513382,False
11645,27,怎么回事啊？,买家表示有疑问/不理解,27,111,买家表示有疑问/不理解,买家咨询物流信息,0.0025977198965847492,0.14930318295955658,0.14670546306297183,False
11646,50,这个买三免一不是直接免一单的吗,买家要求延迟发货,50,60,买家要求延迟发货,买家咨询活动规则,0.00121603487059474,0.36104631423950195,0.3598302793689072,False
11651,7,谢谢您  我重新提交订单,买家表示麻烦卖家，表达感谢,7,23,买家表示麻烦卖家，表达感谢,买家表示要重拍,0.017458222806453705,0.10150178521871567,0.08404356241226196,False
11654,28,这个买一送一活动截止到几号,买家表示再看看,28,99,买家表示再看看,买家咨询是否有活动,0.003976170904934406,0.13387799263000488,0.12990182172507048,False
11656,60,这一共有多少个,买家咨询活动规则,60,79,买家咨询活动规则,买家咨询商品规格数量,0.01235440094023943,0.2586691081523895,0.2463147072121501,False
11660,52,运费多少的,买家咨询补货/上货时间,52,113,买家咨询补货/上货时间,买家咨询运费金额,0.0009435088722966611,0.523154079914093,0.5222105710417964,False
11664,40,夹心吐司是哪款,买家需要商品推荐,40,76,买家需要商品推荐,买家咨询商品产地,0.07191450893878937,0.10868536680936813,0.036770857870578766,False
11676,5,那啥时候能到账,买家表示好的,5,110,买家表示好的,买家咨询退款时间,0.0015033548697829247,0.57383793592453,0.5723345810547471,False
11678,57,亲衣服收到了，给我退那一百,买家咨询返现金额,57,108,买家咨询返现金额,买家咨询退款金额,0.09563399851322174,0.40380528569221497,0.3081712871789932,False
11679,71,尺寸 可以定制吗,买家咨询如何领取优惠券,71,65,买家咨询如何领取优惠券,买家咨询能否定制,0.0017099366523325443,0.5809829831123352,0.5792730464600027,False
11686,76,谢谢哈！,买家咨询商品产地,76,7,买家咨询商品产地,买家表示麻烦卖家，表达感谢,0.0009825837332755327,0.5203874707221985,0.519404886988923,False
11688,56,拍两件裤子没有优惠吗,买家咨询返现方式,56,62,买家咨询返现方式,买家咨询买多件能否优惠,0.0018330662278458476,0.33345040678977966,0.3316173405619338,False
11689,64,价格不同什么区别,买家咨询能否到付,64,82,买家咨询能否到付,买家咨询商品区别,0.024054203182458878,0.2533421516418457,0.22928794845938683,False
11691,40,哈哈哈 想买两件 一件女孩子一件男孩子,买家需要商品推荐,40,8,买家需要商品推荐,买家表示马上下单付款,0.03362541273236275,0.1338585466146469,0.10023313388228416,False
11693,69,满意  老客户了,买家咨询偏远地区是否发货,69,15,买家咨询偏远地区是否发货,买家表示是老顾客,0.004631873220205307,0.39105963706970215,0.38642776384949684,False
11698,62,今天七夕你就打点折呗,买家咨询买多件能否优惠,62,92,买家咨询买多件能否优惠,买家咨询是否可以打折,0.011711997911334038,0.6541140079498291,0.6424020100384951,False
11701,100,真的返40元吗,买家咨询是否有买家秀,100,57,买家咨询是否有买家秀,买家咨询返现金额,0.002717713825404644,0.5867704749107361,0.5840527610853314,False
11706,22,那就退了哇,买家表示需要退货退款,22,46,买家表示需要退货退款,买家要求取消退换货退款,0.08971424400806427,0.2902546226978302,0.20054037868976593,False
11712,45,能帮我查看一下.我之前在你们家买的是什么码吗,买家要求核对订单信息,45,111,买家要求核对订单信息,买家咨询物流信息,0.008563893847167492,0.19508692622184753,0.18652303237468004,False
11714,81,有些贵了呀,买家咨询商品具体尺码尺寸,81,0,买家咨询商品具体尺码尺寸,买家抱怨商品涨价了,0.0025819637812674046,0.524047315120697,0.5214653513394296,False
11721,14,就可以返回一件的钱了对吧,买家表示稍等,14,57,买家表示稍等,买家咨询返现金额,0.004834882915019989,0.23906001448631287,0.23422513157129288,False
11725,43,加绒的，绒是什么颜色的,买家要求改商品信息,43,88,买家要求改商品信息,买家咨询商品是什么颜色,0.006752749904990196,0.5709322094917297,0.5641794595867395,False
11742,109,亲，请问这多重？,买家咨询退款去向,109,90,买家咨询退款去向,买家咨询商品重量,0.0010814578272402287,0.377140611410141,0.37605915358290076,False
11743,51,麻烦你给延长收货吧到现在也没有物流信息,买家要求延长收货时间,51,111,买家要求延长收货时间,买家咨询物流信息,0.1570928692817688,0.1685776561498642,0.011484786868095398,False
11744,13,一盒净重是多少？,买家表示商品已经寄回去了,13,80,买家表示商品已经寄回去了,买家咨询商品价格,0.003709173994138837,0.1766311228275299,0.17292194883339107,False
11746,98,可是运费还没到,买家咨询是否有好评返现,98,110,买家咨询是否有好评返现,买家咨询退款时间,0.005381687544286251,0.20499452948570251,0.19961284194141626,False
11748,53,我拍对了吗,买家咨询到货时间,53,25,买家咨询到货时间,买家表示已下单付款,0.001093567698262632,0.3376604914665222,0.3365669237682596,False
11749,60,只有详情页面带有买三免一的才能参加？,买家咨询活动规则,60,99,买家咨询活动规则,买家咨询是否有活动,0.04058131203055382,0.09031243622303009,0.04973112419247627,False
11752,52,这两款和繁星款有啥区别？,买家咨询补货/上货时间,52,82,买家咨询补货/上货时间,买家咨询商品区别,0.0026507945731282234,0.3351926803588867,0.3325418857857585,False
11753,83,这两款打底裤什么差别，一样厚的嘛,买家咨询商品上新时间,83,82,买家咨询商品上新时间,买家咨询商品区别,0.003265289356932044,0.40076109766960144,0.3974958083126694,False
11756,91,你好，你店里可以定制特定的图案T恤吗？就是我发图案给你，你帮我定制几件T恤给我,买家咨询什么颜色好看,91,65,买家咨询什么颜色好看,买家咨询能否定制,0.0039893812499940395,0.5440888404846191,0.5400994592346251,False
11765,104,那我在线申请换货？,买家咨询退换货规则,104,22,买家咨询退换货规则,买家表示需要退货退款,0.02886926755309105,0.27249470353126526,0.2436254359781742,False
11768,56,亲，我已收到货了，第二件半价是怎么反还,买家咨询返现方式,56,109,买家咨询返现方式,买家咨询退款去向,0.10156985372304916,0.11968589574098587,0.018116042017936707,False
11774,86,那为什么现在还没发货啊,买家咨询商品是否有赠品,86,29,买家咨询商品是否有赠品,买家催促发货,0.0005872375331819057,0.36454328894615173,0.3639560514129698,False
11778,113,你家没有售后吗，怎么买完东西都没人回复吗,买家咨询运费金额,113,30,买家咨询运费金额,买家催促回复,0.006203773897141218,0.2221551537513733,0.21595137985423207,False
11781,60,买一送一的是什么？冫,买家咨询活动规则,60,86,买家咨询活动规则,买家咨询商品是否有赠品,0.10446596145629883,0.11207965761423111,0.0076136961579322815,False
11782,1,算了你把上次运费一发 我也不退了 太麻烦了,买家表达不满/生气,1,46,买家表达不满/生气,买家要求取消退换货退款,0.026352044194936752,0.13515280187129974,0.10880075767636299,False
11784,22,确认收货了才能退一件衣服的钱啊,买家表示需要退货退款,22,108,买家表示需要退货退款,买家咨询退款金额,0.052151549607515335,0.4483409523963928,0.3961894027888775,False
11786,63,好的??爱你爱你,买家咨询哪款更好,63,5,买家咨询哪款更好,买家表示好的,0.0015587761299684644,0.17434155941009521,0.17278278328012675,False
11790,18,麻烦，我想重新拍一下,买家表示无法申请退款,18,23,买家表示无法申请退款,买家表示要重拍,0.013091926462948322,0.5382691621780396,0.5251772357150912,False
11791,5,我昨天忘记备注了，如果方便的话，可以帮我备注圆通吗？不行就算了哈,买家表示好的,5,43,买家表示好的,买家要求改商品信息,0.01883680187165737,0.04213913530111313,0.023302333429455757,False
11795,95,退回运费我出钱你出钱,买家咨询是否可以拒收,95,105,买家咨询是否可以拒收,买家咨询退换货运费由谁承担,0.002189256949350238,0.29968732595443726,0.297498069005087,False
11797,1,那我这边是申请退款吗,买家表达不满/生气,1,22,买家表达不满/生气,买家表示需要退货退款,0.004995992872864008,0.4451752305030823,0.44017923763021827,False
11798,105,好的，参加哦,买家咨询退换货运费由谁承担,105,14,买家咨询退换货运费由谁承担,买家表示稍等,0.004400397650897503,0.09703461080789566,0.09263421315699816,False
11802,107,你有没有在看我说啊,买家咨询退货退款原因选什么,107,31,买家咨询退货退款原因选什么,买家打招呼,0.001990450778976083,0.3191308379173279,0.3171403871383518,False
11803,81,你家的色差也太大了吧,买家咨询商品具体尺码尺寸,81,78,买家咨询商品具体尺码尺寸,买家咨询商品的色差问题,0.0031752351205796003,0.5709850192070007,0.5678097840864211,False
11805,97,您好圆通快递好像到不了我们这里,买家咨询是否可以指定快递,97,111,买家咨询是否可以指定快递,买家咨询物流信息,0.0851239264011383,0.14313986897468567,0.05801594257354736,False
11806,39,这个和刚才什么不同,买家向商家表达不好意思,39,82,买家向商家表达不好意思,买家咨询商品区别,0.013618477620184422,0.2941206991672516,0.28050222154706717,False
11811,115,多送2个尝尝可以吗？,买家咨询赠品何时发货,115,21,买家咨询赠品何时发货,买家表示先买来试试,0.020769797265529633,0.4950315058231354,0.47426170855760574,False
11812,56,我点了退货了，麻烦同意下,买家咨询返现方式,56,22,买家咨询返现方式,买家表示需要退货退款,0.0016891621053218842,0.32561707496643066,0.3239279128611088,False
11815,58,确认收货了，烦返现下,买家咨询返现时间,58,98,买家咨询返现时间,买家咨询是否有好评返现,0.1438361555337906,0.17456237971782684,0.030726224184036255,False
11819,56,这件我不退,买家咨询返现方式,56,46,买家咨询返现方式,买家要求取消退换货退款,0.0008716308511793613,0.5108662247657776,0.5099945939145982,False
11820,111,快递更新了 你看下快递送不送，如果送就不退款了,买家咨询物流信息,111,46,买家咨询物流信息,买家要求取消退换货退款,0.014953243546187878,0.11591006815433502,0.10095682460814714,False
11825,19,亲，哪里可以领券？,买家表示无法下单,19,71,买家表示无法下单,买家咨询如何领取优惠券,0.001675262814387679,0.5013065338134766,0.4996312709990889,False
11826,1,已经催促但是没有结果没有回复，物流依旧异常，这就是你们的处理方式吗？,买家表达不满/生气,1,20,买家表达不满/生气,买家表示物流太慢了,0.027765467762947083,0.19194313883781433,0.16417767107486725,False
11830,71,满400少50,买家咨询如何领取优惠券,71,60,买家咨询如何领取优惠券,买家咨询活动规则,0.011773868463933468,0.23597684502601624,0.22420297656208277,False
11831,62,这个我要买三十多件 最低能多少钱呢,买家咨询买多件能否优惠,62,38,买家咨询买多件能否优惠,买家讨价还价,0.1674344390630722,0.4316325783729553,0.2641981393098831,False
11835,60,双十一了啊，给我便宜点啊,买家咨询活动规则,60,38,买家咨询活动规则,买家讨价还价,0.034628789871931076,0.343293696641922,0.3086649067699909,False
11837,65,专柜版和普通版的区别,买家咨询能否定制,65,82,买家咨询能否定制,买家咨询商品区别,0.0022800692822784185,0.30982664227485657,0.30754657299257815,False
11839,60,双参加跨店满400减50活动吗？,买家咨询活动规则,60,14,买家咨询活动规则,买家表示稍等,0.0479353703558445,0.10032609105110168,0.05239072069525719,False
11843,113,不包邮的，运费50？,买家咨询运费金额,113,105,买家咨询运费金额,买家咨询退换货运费由谁承担,0.14753758907318115,0.36567991971969604,0.2181423306465149,False
11846,96,从来没有买衣服买的这么糟心的，这么烦的等了那么久。,买家咨询是否可以微信支付,96,1,买家咨询是否可以微信支付,买家表达不满/生气,0.001897483947686851,0.20888404548168182,0.20698656153399497,False
11850,65,我想问下，可以定制真空袋吗,买家咨询能否定制,65,77,买家咨询能否定制,买家咨询商品的材质/面料,0.15676569938659668,0.24258194863796234,0.08581624925136566,False
11851,16,人不黑，穿黑色还是白色的好看 /:801,买家表示收件信息不需要修改了,16,91,买家表示收件信息不需要修改了,买家咨询什么颜色好看,0.003069426631554961,0.43258848786354065,0.4295190612319857,False
11852,45,买一百六十个能优惠点吗,买家要求核对订单信息,45,62,买家要求核对订单信息,买家咨询买多件能否优惠,0.0010626736329868436,0.41722095012664795,0.4161582764936611,False
11854,57,我的衣服，之前下单68，你说收到确认收货退10块,买家咨询返现金额,57,108,买家咨询返现金额,买家咨询退款金额,0.20958280563354492,0.33287301659584045,0.12329021096229553,False
11859,16,哦！好的地址都不改了,买家表示收件信息不需要修改了,16,37,买家表示收件信息不需要修改了,买家确认地址是否修改成功,0.19251373410224915,0.2657336890697479,0.07321995496749878,False
11860,52,加钱发顺丰可以么？,买家咨询补货/上货时间,52,93,买家咨询补货/上货时间,买家咨询是否可以发顺丰,0.0007735388935543597,0.7157782316207886,0.7150046927272342,False
11862,64,如果价格不变的话，就相当于不参加津贴优惠，这想当于用虚假信息促销,买家咨询能否到付,64,62,买家咨询能否到付,买家咨询买多件能否优惠,0.0013600169913843274,0.14782336354255676,0.14646334655117244,False
11863,111,只能双12买才能满300减30吗？,买家咨询物流信息,111,60,买家咨询物流信息,买家咨询活动规则,0.001577643328346312,0.38240355253219604,0.38082590920384973,False
11864,83,发票没有收到啊 还是申请中,买家咨询商品上新时间,83,67,买家咨询商品上新时间,买家咨询能否开发票及发票类型和寄送时间,0.00107009953353554,0.2833271920681,0.28225709253456444,False
11865,35,收到五星好评有活动吗？亲,买家发送支付宝账号,35,98,买家发送支付宝账号,买家咨询是否有好评返现,0.0008846438722684979,0.6736119389533997,0.6727272950811312,False
11867,90,我定的一个1千克，一个500克,买家咨询商品重量,90,81,买家咨询商品重量,买家咨询商品具体尺码尺寸,0.1721724271774292,0.20568767189979553,0.03351524472236633,False
11872,29,你好我的这个10月6号以后发货,买家催促发货,29,54,买家催促发货,买家咨询发货时间,0.05695060268044472,0.3882293403148651,0.3312787376344204,False
11873,66,行，谢谢，别忘记了,买家咨询能否分开/一起发货,66,7,买家咨询能否分开/一起发货,买家表示麻烦卖家，表达感谢,0.0034274598583579063,0.4945456087589264,0.4911181489005685,False
11874,98,hp返现吗,买家咨询是否有好评返现,98,57,买家咨询是否有好评返现,买家咨询返现金额,0.08379039168357849,0.25065580010414124,0.16686540842056274,False
11877,90,是发的一公斤？,买家咨询商品重量,90,81,买家咨询商品重量,买家咨询商品具体尺码尺寸,0.08115871995687485,0.12462515383958817,0.04346643388271332,False
11889,40,其实我还想买这,买家需要商品推荐,40,15,买家需要商品推荐,买家表示是老顾客,0.020255383104085922,0.12273452430963516,0.10247914120554924,False
11890,30,下单后再看 如果没有运费险 我怎么退啊,买家催促回复,30,114,买家催促回复,买家咨询运费险赔付规则,0.0005624723853543401,0.7442688941955566,0.7437064218102023,False
11892,53,找不到，多久能发出 有物流,买家咨询到货时间,53,73,买家咨询到货时间,买家咨询商家发货地,0.0036712868604809046,0.11886414885520935,0.11519286199472845,False
11894,49,改下地址呗，,买家要求修改收件信息,49,4,买家要求修改收件信息,买家表示地址正确,0.1197073832154274,0.21969062089920044,0.09998323768377304,False
11896,73,能不能直接修改价格的,买家咨询商家发货地,73,94,买家咨询商家发货地,买家咨询是否可以改价,0.0007149013690650463,0.6951228380203247,0.6944079366512597,False
11898,47,无法取消订单,买家要求添加商家微信,47,46,买家要求添加商家微信,买家要求取消退换货退款,0.0009207928669638932,0.33489158749580383,0.33397079462883994,False
11900,54,你们不是吧？现在还没发货？,买家咨询发货时间,54,29,买家咨询发货时间,买家催促发货,0.10430241376161575,0.3155858516693115,0.21128343790769577,False
11901,90,店家，看评价都是真空独立包装，每袋多少重量？,买家咨询商品重量,90,75,买家咨询商品重量,买家咨询商品包装,0.03114226832985878,0.34810835123062134,0.31696608290076256,False
11903,68,亲。是不是发错货啦,买家咨询能否提前享受优惠,68,12,买家咨询能否提前享受优惠,买家表示商家发错货了,0.002987432526424527,0.6436935663223267,0.6407061337959021,False
11909,7,我完了下单,买家表示麻烦卖家，表达感谢,7,25,买家表示麻烦卖家，表达感谢,买家表示已下单付款,0.0032668046187609434,0.46824994683265686,0.4649831422138959,False
11913,26,好伤心啊,买家表示优惠券无法使用,26,10,买家表示优惠券无法使用,买家表示伤心难过,0.004284908063709736,0.5173152089118958,0.513030300848186,False
11914,117,请问你们买一套送一套，也是送同样的吗？,买家咨询自己的旺旺昵称,117,60,买家咨询自己的旺旺昵称,买家咨询活动规则,0.006962162908166647,0.17557334899902344,0.1686111860908568,False
11916,99,改地址没有呢,买家咨询是否有活动,99,16,买家咨询是否有活动,买家表示收件信息不需要修改了,0.001553389593027532,0.23222559690475464,0.2306722073117271,False
11917,86,F25和F06有什么区别,买家咨询商品是否有赠品,86,82,买家咨询商品是否有赠品,买家咨询商品区别,0.002389094326645136,0.3158283531665802,0.31343925883993506,False
11921,54,那我准备拍下了，能早一点发货不？,买家咨询发货时间,54,29,买家咨询发货时间,买家催促发货,0.033700112253427505,0.3870511054992676,0.3533509932458401,False
11924,3,有优惠不,买家表示不想要了,3,62,买家表示不想要了,买家咨询买多件能否优惠,0.002793804043903947,0.2964107394218445,0.29361693537794054,False
11927,111,您看一下，我付款了,买家咨询物流信息,111,25,买家咨询物流信息,买家表示已下单付款,0.003860661294311285,0.5715447068214417,0.5676840455271304,False
11931,80,有什么区别,买家咨询商品价格,80,82,买家咨询商品价格,买家咨询商品区别,0.0033070934005081654,0.2751231789588928,0.27181608555838466,False
11932,60,买一个送一袋吗？,买家咨询活动规则,60,86,买家咨询活动规则,买家咨询商品是否有赠品,0.102952741086483,0.10505950450897217,0.0021067634224891663,False
11935,97,要中通！,买家咨询是否可以指定快递,97,106,买家咨询是否可以指定快递,买家咨询退换货支持快递,0.13709934055805206,0.4407075345516205,0.3036081939935684,False
11939,90,这个是发两斤?,买家咨询商品重量,90,65,买家咨询商品重量,买家咨询能否定制,0.011147713288664818,0.03237467631697655,0.02122696302831173,False
11942,110,早上那个客服说退回那包破的钱，什么时候能退,买家咨询退款时间,110,108,买家咨询退款时间,买家咨询退款金额,0.16831867396831512,0.29706016182899475,0.12874148786067963,False
11950,18,双11优惠和店铺优惠可以叠加吗,买家表示无法申请退款,18,99,买家表示无法申请退款,买家咨询是否有活动,0.0068431938998401165,0.13814954459667206,0.13130635069683194,False
11951,56,今天下单什么时候能发货,买家咨询返现方式,56,54,买家咨询返现方式,买家咨询发货时间,0.0024802295956760645,0.44333183765411377,0.4408516080584377,False
11952,97,是这样的，我这里有些快递收不到,买家咨询是否可以指定快递,97,20,买家咨询是否可以指定快递,买家表示物流太慢了,0.05945727229118347,0.17042183876037598,0.1109645664691925,False
11962,86,还有送收纳盒吗,买家咨询商品是否有赠品,86,75,买家咨询商品是否有赠品,买家咨询商品包装,0.2437293380498886,0.36567386984825134,0.12194453179836273,False
11963,10,这个退货会包邮嘛,买家表示伤心难过,10,105,买家表示伤心难过,买家咨询退换货运费由谁承担,0.0003982379857916385,0.2192656248807907,0.21886738689499907,False
11965,51,亲 帮忙改个地址好吗？,买家要求延长收货时间,51,49,买家要求延长收货时间,买家要求修改收件信息,0.0015443291049450636,0.23102448880672455,0.22948015970177948,False
11972,60,买两件10斤的可以双十一价吗？,买家咨询活动规则,60,80,买家咨询活动规则,买家咨询商品价格,0.15756087005138397,0.16449382901191711,0.006932958960533142,False
11973,74,你们哪里发货,买家咨询商家是否收到寄回的商品,74,73,买家咨询商家是否收到寄回的商品,买家咨询商家发货地,0.004690238740295172,0.3731849491596222,0.368494710419327,False
11975,97,圆通快递不能寄。,买家咨询是否可以指定快递,97,106,买家咨询是否可以指定快递,买家咨询退换货支持快递,0.13769769668579102,0.42714542150497437,0.28944772481918335,False
11977,72,去霉味吗,买家咨询如何下单,72,102,买家咨询如何下单,买家咨询是否有味道,0.003214036813005805,0.34426450729370117,0.34105047048069537,False
11987,33,我还要考虑一下  明天买  今天太晚了,买家发送结束语,33,28,买家发送结束语,买家表示再看看,0.020615270361304283,0.0645868107676506,0.04397154040634632,False
11989,2,你好，刚才下单的裙子，尺码拍错，想重新拍一下,买家表达赞美/满意,2,23,买家表达赞美/满意,买家表示要重拍,0.0024226075038313866,0.15256184339523315,0.15013923589140177,False
11990,60,这款参加活动吧,买家咨询活动规则,60,14,买家咨询活动规则,买家表示稍等,0.008865325711667538,0.09654389321804047,0.08767856750637293,False
11992,31,人又不见了 /:802,买家打招呼,31,30,买家打招呼,买家催促回复,0.09736429899930954,0.2320832759141922,0.13471897691488266,False
11993,69,t_1492053821950_0784  安排补发发票,买家咨询偏远地区是否发货,69,67,买家咨询偏远地区是否发货,买家咨询能否开发票及发票类型和寄送时间,0.00938568077981472,0.15530067682266235,0.14591499604284763,False
11996,30,款料子都是一样把,买家催促回复,30,82,买家催促回复,买家咨询商品区别,0.013545967638492584,0.2786917984485626,0.26514583081007004,False
11997,103,退货可用中通吗,买家咨询退换货地址,103,106,买家咨询退换货地址,买家咨询退换货支持快递,0.003452991833910346,0.5674129128456116,0.5639599210117012,False
11999,63,厚款的也是买一送一吗,买家咨询哪款更好,63,60,买家咨询哪款更好,买家咨询活动规则,0.012492470443248749,0.2550332546234131,0.24254078418016434,False
